,TICKER,YEAR,CODE,SECTOR,1,2,3,4,5,6,7,8,9,10,11,12,13,14,15,16,17,18,19,20,21,22,23,24,25,26,27,28,29,30,31,32,33,34,35,36,37,38,39,40,41,42,43,44,45,46,47,48,49,50,51,52,53,54,55,56,57,58,59,60,61
0,MMM,2016,DR,Industrials,161.02,159.01,159.79,158.71,155.66,156.31,155.63,155.35,155.17,153.85,153.89,154.16,154.44,154.33,154.09,154.06,154.01,153.69,155.29,150.72,150.98,150.3,150.3,149.88,148.93,150.27,151.27,150.95,153.9,155.07,154.49,158.02,158.75,156.78,157.98,156.96,157.66,157.83,156.51,156.87,157.18,158.31,157.41,157.66,156.72,157.53,157.35,156.61,156.77,160.65,160.49,162.88,163.92,163.19,161.15,160.62,161.93,162.57,163.02,162.82,
1,AXP,2016,DR,Financials,60.54,59.74,60.37,60.15,60.25,60.98,58.68,58.51,58.65,57.66,57.5,57.24,56.99,56.75,56.92,58.03,63.27,63.82,63.56,63.23,63.29,63.41,62.96,62.93,62.77,62.01,61.9,62.07,63.48,63.55,65.13,66.43,66.79,68.61,68.66,67.91,68.01,67.27,67.78,67.95,69.05,69.03,68.34,67.73,68.25,68.72,68.08,68.24,68.51,70.39,70.97,70.84,69.71,69.96,70.18,71,71.06,70.63,71.12,71.36,
2,AAPL,2016,DR,Information Technology,108.04,106.36,107.19,106.68,107.14,107.19,107.98,108.14,110.03,110.27,111.25,110.91,111.53,111.45,111.38,111.05,110.99,110.55,111.55,112.12,109.59,108.54,107.82,107.65,105.71,105.8,104.67,103.72,105.22,105.84,105.67,102.72,103.33,100.74,102.08,104.82,104.78,104.89,106.48,106.55,106,106.54,106.33,106.22,105.33,104.34,104.73,103.98,104.78,105.81,106.85,108.59,107.98,109.78,109.78,110.38,110.52,111.16,111.45,111.56,
3,BA,2016,DR,Industrials,120.73,119.63,120.28,120.87,120.75,122.95,122.73,122.21,124.03,122.11,121.58,121.78,121.89,122.35,123.35,124.34,124.03,123.83,125.5,126.93,132.88,130.85,130.57,130.04,130.02,128.51,127.84,127.4,130.59,130.83,134.52,136.93,137.7,139.06,137.32,135.77,134.74,135.69,136.31,138.63,138.83,139.11,138.86,140.59,139.59,141.29,141.16,141.07,141.15,142.91,144.07,145.09,145.71,145.25,143.22,142.57,143.24,144.8,145,146.01,
4,CAT,2016,DR,Industrials,78.7,79.5,80.68,80.24,79.54,81.27,81.16,80.41,80.18,79.5,79.6,79.05,79.68,79.34,79.27,79.98,79.43,79.16,78.85,77.46,77.14,76.11,76.91,76.53,75.41,74.37,74.52,75.47,76.79,77.64,83.62,85.69,85.28,86.35,86.59,85.59,85.07,84.67,85.18,85.84,88.19,87.85,87.02,86.23,87.62,88.24,87.24,86.6,87.31,89.24,88.27,87.59,87.18,88.04,85.95,86.68,84.89,85.01,86.5,86.03,
5,CVX,2016,DR,Energy,88.96,88.2,89.63,89.22,88.2,89.03,88.99,89.07,90.56,89.74,88.96,87.78,88.03,88.27,88.65,89.07,88.72,88.22,87.67,87.76,88.13,87.02,90.42,91.23,92.73,91.78,91.78,91.25,93.06,93.44,93.74,93.87,92.87,92.83,94.89,95.31,95.1,96.05,96.92,97.3,97.64,97.64,97.2,96.18,98.13,99.65,99.4,99.62,99.19,100.66,101.31,101.87,103.05,103.29,102,102.96,103.87,103.49,103.75,103.72,
6,CSCO,2016,DR,Information Technology,28,27.9,28.19,28.23,28.09,28.31,28.21,28.2,28.2,27.82,27.19,27.04,27.04,27.08,27.28,27.2,27.03,27.02,27.3,27.19,27.38,27.22,27.41,27.49,27.31,27.23,27.17,27.05,27.73,27.78,28.1,27.78,28.1,28.11,28.41,28.29,26.93,27.04,26.93,26.78,26.62,26.96,26.81,26.73,26.72,26.39,26.21,26.46,26.28,26.84,26.84,26.94,27.04,27.41,27.3,27.45,27.41,27.56,27.39,27.26,
7,KO,2016,DR,Consumer Staples,37.56,37.45,37.71,37.45,37.28,37.25,37.16,37.18,37.18,37.01,37.23,37.21,37.13,37.07,37.39,37.47,37.36,37.54,37.92,37.9,37.81,37.53,37.63,37.78,37.53,37.47,37.45,37.15,37.83,38.21,37.66,36.48,36.56,36.68,36.92,36.76,36.64,36.45,36.85,36.86,36.64,37,37.2,36.97,36.26,36.09,36.26,36.5,36.45,37.1,36.82,37.74,37.65,37.52,37.03,37.33,37.5,37.44,37.43,37.35,
8,DD,2016,DR,Materials,69.63,68.83,68.96,69.75,69,70.12,71.3,70.5,71.24,71.21,70.8,70.4,71.02,70.52,71.44,71.75,71.61,71.98,72.17,71.99,71.53,72.59,71.74,71.59,71.56,71.32,70.86,70.69,71.38,71.09,71.67,72.05,71.38,71.13,70.74,70.76,71,70.82,71.85,72.29,71.94,72.09,72.27,71.83,74.14,74.66,73.74,74.59,74.8,75.71,76.41,76.78,77.53,77.37,76.72,77.64,77.72,78.21,78.23,78.61,
9,XOM,2016,DR,Energy,74.96,74.58,75.29,75.09,74.4,75.05,75.08,74.82,76.29,75.68,75.16,74.67,74.65,74.65,74.85,75.19,75.23,74.72,74.97,74.8,75.12,74.98,73.13,71.87,72.16,71.98,72.16,72.09,73.71,74.24,75.06,75.75,74.55,74.21,75.55,74.62,74.17,74.21,75.27,75.43,75.64,75.81,75.25,74.75,75.97,75.92,75.74,76.13,76.2,76.64,76.86,77.45,79.17,80.57,78.82,79.09,79.35,78.69,78.69,78.56,
10,GE,2016,DR,Industrials,26.22,25.9,25.98,25.99,25.87,25.87,25.67,25.5,25.31,25.36,25.34,25.23,25.34,25.3,25.41,25.48,25.49,25.41,25.36,25.12,25.32,25.11,25.62,25.52,25.33,24.98,24.8,24.94,25.7,25.8,25.98,26.67,26.93,26.76,26.97,26.96,27,26.9,27.07,27.34,27.48,27.57,27.4,27.23,26.98,27.53,27.48,27.28,27.33,27.71,27.65,27.87,27.94,27.83,27.62,27.41,27.84,27.99,28.28,28.18,
11,GS,2016,DR,Financials,154.58,150.32,152.52,152.33,153.46,157.37,158.08,160.61,161.76,159.87,160.11,158.33,161.27,159.83,163.26,165.04,165.04,165.19,165.62,166.02,167.46,168.1,167.53,168.57,168.4,167,166.65,166.37,171.63,172.05,182.18,189.97,192.87,197.83,199.73,195.07,198.25,198.93,199.63,199.65,200.79,199.91,198.93,200.88,208.03,215,211.89,216.82,219.5,223.47,229.05,229.43,224.99,226.3,227.61,230.53,226.64,226.8,230.61,229.05,
12,HD,2016,DR,Consumer Discretionary,117.94,117.63,118.32,118.15,117.88,117.31,119.71,117.98,117,115.71,116.49,116.12,116.24,115.06,115.61,115.75,116.08,116.4,117.49,113.41,112.83,112.41,113.63,112.18,110.23,110.6,110.5,111.17,113.78,114.24,115.87,118.64,119.39,117.39,114.38,115.24,118.55,118,117.89,120.43,120.64,120.97,120.12,119.81,119.61,119.68,120.05,119.87,119,122.44,122.5,123.3,124.4,126.21,125.69,125.56,124.89,125.19,126.74,126.48,
13,INTC,2016,DR,Information Technology,34.22,34.11,34.51,34.42,34.31,34.73,34.8,34.83,34.75,34.07,33.94,33.79,34.23,34.09,34.51,32.46,32.39,32.13,32.23,32.08,31.92,31.82,31.75,31.87,31.55,31.63,31.25,30.95,31.95,31.99,32,31.77,31.88,31.76,32.15,32.09,32.25,32.19,32.22,32.68,32.42,32.64,32.7,32.52,31.96,31.09,31.46,31.67,31.98,32.69,32.88,32.93,33.13,33.89,33.66,33.88,33.44,33.97,34.27,34.06,
14,IBM,2016,DR,Information Technology,136.44,136.28,136.92,135.85,134.86,135.39,135.22,134.18,135.34,133.42,132.99,132.5,133.13,133.4,129.91,130.38,130.6,128.97,129.78,130.05,130.85,132.18,131.54,132.47,131.7,130.97,131.34,131.39,134.22,134.96,134.65,139.35,140.27,137.61,138.01,138.55,138.99,139.5,141.57,141.49,140.89,141.89,143.09,142.23,141.09,139.01,139.18,139.02,139.47,143.33,143.82,144.83,143.95,146.37,146.56,146.14,145.02,144.97,145.77,145.54,
15,JNJ,2016,DR,Health Care,108.74,106.81,107.59,108.21,108.22,108.55,108.15,108.6,109.11,107.14,107.44,107.71,107.07,107.92,105.11,104.37,104.62,103.32,103.47,103.79,104.34,105.38,105.04,105.64,105.05,104.61,104.77,104.84,106.25,106.61,109.58,108.87,107.9,106.2,105.94,105.98,106.17,105.79,105.46,103.39,103.69,104.67,103.75,103.15,102.07,102.14,102.68,102.66,102.77,101.89,101.79,102.95,105.79,106.28,105.45,106.28,106.27,106.4,106.07,105.75,
16,JPM,2016,DR,Financials,60.02,59.07,59.91,59.84,60.36,61.34,61.51,61.72,62.21,61.91,61.74,61.39,61.19,60.87,61.35,61.94,61.86,62.07,62.41,62.35,62.65,62.74,62.63,62.77,62.5,62.24,61.97,61.41,63.33,63.46,66.38,69.46,69.5,72.06,71.92,70.14,70.71,70.42,70.73,71.17,71.47,71.44,70.98,71.52,72.65,74.12,73.95,75.45,75.84,76.19,77.14,77.48,76.79,76.81,76.79,77.94,76.98,77.42,78.42,78.62,
17,MCD,2016,DR,Consumer Discretionary,105.45,105.09,105.61,104.95,103.91,103.83,104.29,103.86,105.02,104.07,105.02,105.66,104.45,102.91,101.85,101.86,101.23,104.3,103.97,103.2,102.64,102.61,102.63,103.06,102.77,102.89,102.28,101.66,103.29,104.47,105.26,104.83,104.57,107.9,108.32,109.14,109.36,109.86,109.4,109.58,109.99,110.46,111.53,111.34,110.04,109.3,109.09,110.06,110.02,110.64,111.13,111.88,112.32,113.19,113.33,112.89,113.7,113.47,113.79,113.65,
18,MRK,2016,DR,Health Care,57.1,55.84,56.29,56.39,56.34,56.65,56.52,56.62,57.64,55.86,55.62,56.38,56.05,55.49,56.01,55.81,55.85,55.2,54.8,55.88,54.91,55.28,53.07,52.97,53.49,53.07,52.7,53.06,54.17,54.58,57.89,58.59,57.68,57.3,57.41,56.49,56.56,55.81,56.2,55.65,55.6,56.11,55.74,56.1,55.19,54.81,55.14,54.35,54.37,54.17,54.23,55.23,55.67,56.16,56.17,56.69,56.75,55.57,54.99,54.02,
19,MSFT,2016,DR,Information Technology,54.47,53.87,54.06,53.89,53.72,54.1,54.19,54.25,54.48,53.68,53.6,53.42,53.89,53.71,54.12,54,53.73,56,57.25,57.24,56.91,56.41,56.19,56.24,56.13,55.78,55.57,55.1,56.71,56.76,56.47,55.09,55.4,54.55,55.63,56.36,57.3,57.03,57.51,57.75,57.07,57.2,57.27,57.73,56.94,55.94,55.99,56.9,56.65,57.99,57.65,58.56,58.75,59.51,59.23,59.13,58.87,60.12,60.04,60.04,
20,NKE,2016,DR,Consumer Discretionary,51.09,50.04,50.51,50.53,50.03,50.01,49.92,49.69,49.69,49.72,50.31,49.92,49.53,48.96,49.14,49.7,49.79,49.67,49.77,48.98,49.86,49.79,49.91,48.14,47.61,47.7,47.71,47.93,48.85,49.01,49.05,48.35,48.71,48.17,48.1,48.62,49.5,49.03,49.2,49.61,49.26,49.43,48.94,48.58,48.04,48.77,48.59,49.93,48.69,50.17,49.64,49.8,49.63,50.36,49.87,49.39,49.03,48.96,49.87,50.36,
21,PFE,2016,DR,Health Care,29.84,29.25,29.73,29.57,29.6,29.76,29.54,29.46,29.51,29.08,29.03,28.76,28.67,28.53,28.7,28.62,28.57,28.25,28.21,28.34,28.44,28.51,28.03,27.84,27.28,26.89,26.24,26.34,26.67,26.6,28.48,29.69,28.9,28.71,28.58,28.34,28.13,27.91,27.99,27.78,27.86,28.1,27.96,28.3,28.5,27.89,28.04,28.01,27.98,27.65,27.43,28.11,28.73,29.11,29.1,29.04,29.12,29.11,29.13,28.73,
22,PG,2016,DR,Consumer Staples,80.4,79.3,80.66,79.68,79.4,79.85,80.19,80.89,80.04,79.57,79.6,79.3,79.48,78.94,78.59,77.47,76.92,76.38,76.17,78.77,79.16,78.41,78.65,78.61,78.66,78.56,78.43,77.05,78.39,79.21,77.82,75.13,75.7,75.17,75.73,75.34,75.23,74.26,74.84,74.95,74.88,75.59,75.23,75.07,74.68,74.14,74.63,75.16,75.09,76.24,75.62,76.41,77.1,77.14,76.41,76.69,76.69,76.72,76.59,76.33,
23,TRV,2016,DR,Financials,106.04,104.99,105.62,104.19,103.56,104.28,104.35,105.6,106.16,105.11,106.35,106.09,106.11,106.01,106.2,107.17,100.98,99.9,100.56,100.53,100.33,99.6,99.97,99.74,97.96,97.38,97.48,96.51,97.14,99.59,98.6,101.07,101.68,103.43,103.13,102.67,102.51,103.1,103.12,103.64,104.25,104.6,104.94,104.83,104.51,106.41,106.63,106.83,107.72,109.42,109.78,110.53,112.12,112.61,111.62,111.65,112.76,112.9,113.54,113.66,
24,UNH,2016,DR,Health Care,133.1,131.12,132.71,131.28,130.97,130.44,129.37,129.55,130.89,127.74,128.07,127.2,126.95,127.15,135.93,136.85,137.52,137.8,137.16,136.3,134.83,134.55,133.04,133.97,132.17,131.75,130.65,130.54,134.54,135.46,134.51,138.52,138.8,144.35,144.31,143.61,142.92,141.67,142.58,144.33,145.55,144.86,144.19,149.39,150.68,153.17,152.97,150.02,149.72,151.7,151.63,152.39,151.79,152.79,152.14,152.86,156.02,153.74,153.79,153.54,
25,UTX,2016,DR,Industrials,94.59,93.4,93.9,94.66,93.74,94.5,94.34,92.95,92.4,91.28,91.43,92.28,92.57,92.15,92.41,92.2,91.76,91.19,91.97,93.68,93.35,92.48,94.12,94.45,94.28,93.84,93.39,93.65,95.24,95.53,96.86,100.19,100.61,99.68,99.52,99.46,99.22,99.03,99.36,99.44,100.53,101.15,100.85,101.21,100.17,99.94,100.63,99.89,99.9,101.99,100.83,102.09,102.65,102.58,101.61,100.55,100.91,103.05,102.89,102.74,
26,VZ,2016,DR,Communication Services,44.5,44.55,44.43,44.35,43.82,43.46,43.45,43.16,43.39,43.14,43.49,43.48,43.47,43.6,43.46,43.55,42.48,41.67,41.68,41.36,41.18,41.96,41.68,41.58,41.2,40.58,40.52,40.7,41.03,41.19,41.38,40.36,40.36,39.92,40.95,41.44,41.36,41.56,41.77,42.79,43.43,43.81,44.19,44.06,43.14,43.11,43.06,43.01,43.54,44.42,44.2,44.51,44.75,45.27,44.64,44.79,45.19,45.74,45.92,45.79,
27,V,2016,DR,Information Technology,81.03,80.01,80.77,80.92,80.8,81.4,81.41,80.94,81.18,80.12,80.33,79.96,80.52,80.23,79.67,80.88,80.57,80.43,81.23,80.11,79.84,80.01,80.3,80.58,79.71,78.7,78.77,78.48,80.58,80.94,81.3,79.96,79.97,76.55,76.73,78.37,79.34,79.1,79.95,78.23,77.87,78.42,77.39,77.46,75.67,73.82,74.11,75.66,75.47,77.62,77.59,77.45,76.83,77.51,77.44,77.81,76.68,76.44,76.69,76.47,
28,WMT,2016,DR,Consumer Staples,66.23,65.25,66.54,66.44,66.2,66.12,63.99,63.38,62.72,62.17,62.24,62.95,63.15,62.94,63.54,63.56,63.41,63.05,63.83,63.99,64.2,64.42,64.57,64.6,63.94,64.07,64.24,63.81,64.38,64.39,65.6,65.86,65.72,65.03,65.89,65.86,63.83,63.23,64,64.69,65.35,65.72,65.68,65.84,64.98,65.2,65.39,64.53,64.91,65.6,65.36,65.12,66.59,66.72,66.29,66.05,65.95,66.51,66.73,66.2,
29,DIS,2016,DR,Communication Services,87.62,87.24,88.24,87.89,87.99,87.85,88.22,87.89,87.89,87.29,86.87,86.59,86.76,86.32,86.64,87.36,87.46,88.41,88.73,88.14,88.84,89.35,89.19,88.08,87.8,87.34,88.73,87.85,89.74,89.69,89.94,90.24,92.82,93.05,92.84,94.19,94.43,93.36,92.78,92.85,93.38,93.91,94.05,94.72,94.19,94.02,93.6,94.99,95.66,96.92,99,100.42,99.65,99.45,99.64,99.97,99.51,100.84,100.99,101.09,
30,MMM,2012,DD,Industrials,76.99,76.25,76.05,76.24,75.91,76.62,76.83,77.03,77.56,78,78.33,77.16,76.62,76.25,76.18,76.21,77.4,77.87,77.82,76.34,76,72.88,72.6,72.12,72.3,71.95,73.31,73.08,73.59,74.63,73.41,72.73,72.94,73.25,73.17,71.71,72.3,72.69,73.57,73.6,73.54,74.64,74.49,74.67,75.18,74.95,75.2,74.66,74.51,75.04,75.2,75.66,75.96,77.45,76.99,76.48,76.3,76.92,77.6,76.91,
31,AXP,2012,DD,Financials,51.46,50.98,50.1,50.48,50.74,51.52,51.03,51.4,52.27,52.44,52.67,52.15,51.91,52.36,51.84,51.57,52.5,53.17,51.59,50.92,50.81,49.59,49.46,49.65,49.92,50.12,50.91,50.78,50.47,51.21,49.76,49.75,50,49.72,49.02,48.04,48.03,48.63,49.46,50.02,50.13,50.6,49.87,48.75,49.71,50.08,50.06,50.14,50,50.51,50.26,50.69,50.82,51.1,51.64,51.69,50.73,51.29,51.78,50.86,
32,T,2012,DD,Communication Services,25.63,25.5,25.51,25.45,25.26,25.29,25.33,25.58,25.69,25.66,25.53,25.17,25.02,24.58,24.15,23.87,23.99,24.21,24.41,23.94,23.9,23.72,23.53,23.38,23.47,23.45,23.78,23.68,23.61,23.59,22.8,22.5,22.73,22.96,23.01,22.9,22.65,22.46,22.92,22.83,22.94,23.29,23.03,22.79,22.79,23,23.13,23.14,22.99,22.98,22.81,22.87,22.86,23.15,23.38,23.26,23.05,23.2,23.28,22.98,
33,BA,2012,DD,Industrials,57.88,57.34,58.06,57.94,57.52,57.86,57.47,57.74,57.8,58.59,58.33,58.38,58.14,58.54,59.38,59.71,60.73,60.85,61.37,61.17,60.91,60.18,60.09,59.13,58.77,58.22,58.51,57.9,58.19,59.52,58.3,59.02,60.91,61.28,61,59.28,59.07,58.85,59.84,60.32,60.83,61.32,61.76,61.94,61.61,61.64,61.77,61.55,61.58,61.43,61.52,62.07,62.81,63.05,62.76,61.8,61.55,62.08,62.8,62.79,
34,CAT,2012,DD,Industrials,71.35,68.32,68.27,68.25,67.56,67.11,67.11,66.96,67.49,67.08,67.09,66.54,65.3,65.05,65.03,65.02,66.71,68.02,68.42,66.24,67.21,66.02,65.35,65.98,66.55,66.99,69.24,67.77,68.54,69.58,67.16,66.09,67.1,67.29,65.77,64.06,64.22,64.72,66.05,65.82,65.6,66.48,66.87,66.36,67.1,68.13,67.33,66.74,66.48,67.97,67.89,68.72,68.91,68.98,69.47,69.8,70.3,70.81,71.7,71.72,
35,CVX,2012,DD,Energy,87.94,87.3,86.83,87.51,87.03,87.54,88.07,86.71,87.47,87.73,87.82,87.63,83.96,84.41,83.68,84.24,85.18,86,85.6,84.65,84.18,81.67,81.91,82.85,83.01,82.31,83.22,80.91,81.53,82.4,80.27,79.05,79.02,79.09,78.61,77.19,76.53,77.11,78.58,77.99,78.39,79.43,79.07,77.85,79.51,79.67,79.59,78.82,78.29,79.2,80.16,80.57,80.55,81.14,81.39,81.26,81.2,81.84,82.91,82.77,
36,CSCO,2012,DD,Information Technology,14.76,14.65,14.58,14.75,14.99,14.94,14.92,14.96,14.94,14.91,14.94,14.86,14.47,14.43,14.55,14.66,14.9,14.79,14.71,14.26,14.38,14.24,13.74,13.6,13.67,13.56,13.84,13.72,13.75,13.82,13.6,13.3,13.3,13.33,13.32,13.96,14.18,14.22,14.47,14.5,14.61,14.89,15.07,15.1,15,15.14,15.06,15.15,15.27,15.3,15.51,15.4,15.76,15.75,15.71,15.72,15.82,16.01,16.23,16.14,
37,KO,2012,DD,Consumer Staples,30.09,29.75,29.81,30.24,29.94,30.3,30.27,30.19,30.26,30.46,30.46,30.44,30.07,30.09,30.18,30.1,29.92,29.79,29.87,29.53,29.39,28.9,29.12,29.28,29.24,29.35,29.47,29.27,29.03,29.54,28.99,28.7,28.65,28.48,28.55,28.43,28.76,28.86,29.4,29.41,29.52,29.94,29.49,29.54,29.86,30.18,30.14,29.71,29.53,29.66,29.71,29.97,29.92,30.09,29.92,29.89,29.93,29.81,29.63,29.24,
38,DD,2012,DD,Materials,36.21,35.7,35.14,35.2,34.97,35.4,35.21,34.66,35.23,35.26,35.01,34.29,33.9,34.07,33.9,34.19,36.11,36.51,36.49,36.05,35.91,34.47,36.08,35.81,35.7,35.38,36.35,35.92,36.29,36.85,36.57,35.68,35.45,34.76,34.81,34.15,33.67,33.49,34.75,34.76,34.8,35.47,35.73,35.87,36.07,36.22,36.45,35.38,35.38,35.61,35.79,36.58,36.96,37.49,37.61,37.47,37.94,38.42,39.59,39.16,
39,XOM,2012,DD,Energy,70.24,70.13,69.74,70.18,69.91,70.18,70.12,70.1,70.5,70.75,70.85,70.43,69.59,69.7,69.59,69.96,70.62,71.39,71.46,70.45,70.48,68.94,68.71,69.13,69.28,69.7,70.03,69.01,69.28,70.03,67.83,66.98,67.09,67.17,66.52,66.21,66.26,66.5,67.44,67.31,67.7,68.53,68.17,67.19,67.77,67.79,67.8,67.39,67.07,67.49,67.69,68.16,68.01,68.46,68.81,68.14,67.76,68.36,68.89,68.03,
40,GE,2012,DD,Industrials,17.08,17.04,16.88,17.36,17.34,17.42,17.41,17.5,17.53,17.66,17.5,17.28,17.13,17.19,17.17,17.29,17.29,17.5,17.42,16.83,16.57,16.25,16.24,16.24,16.12,16.08,16.3,16.28,16.35,16.49,16.14,15.95,16.04,15.95,15.79,15.28,15.32,15.39,15.78,15.75,15.79,16.07,16.08,15.94,16.15,16.14,16.14,15.9,15.93,16.21,16.32,16.39,16.34,16.43,16.63,16.51,16.51,16.75,16.57,16.05,
41,AA,2012,DD,Materials,20.71,20.21,20.32,20.55,20.25,20.37,20.23,20.07,20.73,20.78,20.85,20.87,19.91,20.05,19.86,20.12,20.44,20.98,21.05,20.6,20.8,20.07,19.89,19.96,19.77,19.66,20.07,19.84,19.75,20.05,19.45,19.25,19.34,19.34,19.06,18.65,18.47,18.76,19.13,18.92,18.97,19.15,19.06,18.99,19.27,19.27,19.29,19.29,19.31,19.66,19.66,19.5,19.66,19.91,19.84,19.7,20.05,20.07,20.44,19.82,
42,HD,2012,DD,Consumer Discretionary,50.3,50.58,50.12,50.72,51.13,51.3,51.1,52.32,52.29,53.53,52.41,51.62,50.6,49.98,50.45,51.37,51.55,52,52.34,52.42,52.55,52.3,51.9,51.22,50.85,51.99,52.73,52.53,52.83,53.04,52.5,51.55,51.63,51.8,53.68,52.06,51.88,52.61,53.64,54.05,54.28,54.9,54.77,54.59,55.16,54.65,55.36,55.28,54.65,54.47,54.74,54.83,53.63,53.51,53.54,53.1,52.8,53.86,53.6,52.55,
43,INTC,2012,DD,Information Technology,18.21,18,18.09,18.44,18.09,18.17,18.24,18.01,17.94,18.11,17.97,17.49,17.38,17.31,17.15,17.35,17.85,17.4,17.3,16.98,17.14,17.24,17.14,17.32,17.53,17.27,17.77,17.62,17.62,17.53,16.87,16.8,16.78,16.76,16.36,16.1,16.16,16.29,16.34,15.74,15.62,15.91,16.05,16.08,16.21,15.76,15.79,15.76,16.11,16.01,16.26,16.26,16.2,16.66,16.68,16.53,16.56,16.59,16.91,17.02,
44,IBM,2012,DD,Information Technology,156.11,155.87,155.13,156.58,157.75,160.05,159.57,160.08,159.99,160.14,159.56,158.16,156.51,156.47,158.02,158.88,160.45,152.57,148.26,147.04,147.83,145.43,145.03,145.7,146.97,147.93,149.92,147.09,147.63,148.34,146,145.19,144.84,144.54,143.83,141.69,141.95,142.78,145.38,144.5,145.34,147.78,147.32,146.06,146.63,146.28,145.17,144.72,144.63,144.08,144.89,146.61,147.12,148.32,147.37,146.64,146.46,147.88,149.46,149,
45,JNJ,2012,DD,Health Care,55.95,56.21,55.95,55.95,55.87,56.05,55.91,55.95,56.17,56.47,56.3,55.47,55.31,55.11,55.11,55.62,56.39,57.57,58.8,58.27,58.2,57.48,57.36,57.68,57.49,57.42,57.97,57.49,57.4,57.58,57.03,56.47,56.65,56.5,56.36,56.17,56,56.1,56.15,56.49,56.42,56.9,56.51,56.29,56.68,56.62,57.04,56.97,57.14,57.23,57.3,57.63,57.75,58.16,58.04,57.87,57.82,58.03,58.04,57.77,
46,JPM,2012,DD,Financials,33.23,32.68,32.43,32.78,32.62,33.02,32.98,33.17,33.95,33.86,33.82,33.6,33.91,34.18,33.79,34.41,34.77,35.17,34.92,34.36,34.17,33.55,33.86,33.83,33.42,33.84,34.78,34.44,34.32,34.81,32.86,32.8,32.98,32.95,32.51,31.9,31.98,32.09,32.95,33.04,33.07,33.36,33.19,33.08,33.15,33.47,33.35,33.13,32.94,33.45,33.67,34.55,34.35,34.62,34.72,34.73,34.76,35.3,35.62,35.34,
47,MCD,2012,DD,Consumer Discretionary,74.57,73.9,74.17,74.22,73.01,73.2,72.36,71.9,72.44,72.42,72.85,73.3,73.53,73.5,73.62,74.4,74.87,74.55,73.9,70.6,70.39,70,69.46,69.49,69,69.07,69.07,69.12,69.6,70,69.12,67.74,67.43,67.55,67.35,67.34,66.88,66.94,67.67,68.18,68.44,69.27,68.63,68.37,68.85,69.44,69.89,69.9,70.01,69.83,70.73,71.04,71.79,71.96,71.71,71.6,71.36,72.19,72.68,72.03,
48,MRK,2012,DD,Health Care,35.63,35.61,35.53,35.71,35.6,35.7,35.89,36.14,36.41,36.53,36.58,36.45,36,35.88,36.01,36.78,37.24,37.41,37.86,37.13,36.69,36.23,36.22,36.55,36.43,36.02,36.27,36.31,36.05,36.25,35.1,34.61,34.77,34.75,34.48,33.98,33.79,34,34.21,34.39,34.65,34.96,34.89,34.64,35.21,35.29,34.97,35.08,35.05,35.04,35.14,35.23,35.11,35.67,35.73,35.03,34.7,34.77,35.26,34.8,
49,MSFT,2012,DD,Information Technology,25.82,25.5,25.31,25.3,24.97,24.74,24.88,25.05,25.19,25.04,24.98,24.56,24.31,24.29,24.5,24.76,24.74,24.82,24.75,24.03,23.49,23.53,23.41,23.39,23.67,23.94,24.77,24.75,24.86,25.05,24.4,24.17,24.19,23.68,22.91,22.7,22.55,22.43,22.61,22.59,22.8,23.43,23.17,22.91,23.14,22.8,22.52,22.36,22.31,22.56,22.61,22.38,22.79,23.11,23.04,22.93,22.68,22.92,23.31,23.1,
50,BAC,2012,DD,Financials,8.22,8.07,7.97,8.1,7.98,8.09,8.07,8.23,8.5,8.42,8.38,8.32,8.32,8.44,8.24,8.53,8.55,8.53,8.55,8.53,8.63,8.46,8.41,8.35,8.24,8.42,8.8,8.9,8.81,8.98,8.34,8.48,8.52,8.48,8.43,8.12,8.21,8.24,8.57,8.7,8.83,8.94,8.89,8.73,8.82,8.88,8.91,8.85,8.95,9.46,9.46,9.62,9.56,9.5,9.59,9.53,9.57,9.95,10.27,10.12,
51,PFE,2012,DD,Health Care,18.96,19.03,19.02,19.12,19.03,19.18,19.24,19.39,19.42,19.55,19.46,19.39,19.27,19.24,19.24,19.59,19.76,19.79,19.95,19.73,19.61,19.29,19.39,19.62,19.48,19.05,18.8,18.8,18.83,18.93,18.68,18.67,18.68,18.63,18.59,18.4,18.29,18.44,18.66,18.76,18.82,18.96,18.93,18.74,19.07,19.2,19.34,19.39,19.45,19.82,19.79,19.75,19.64,19.82,19.71,19.58,19.46,19.6,19.82,19.59,
52,PG,2012,DD,Consumer Staples,55.23,55.1,54.87,54.87,54.92,54.99,54.47,54.77,54.93,55.13,54.71,54.4,53.95,53.84,53.79,54.4,54.63,55.46,55.46,54.74,54.68,53.84,54.35,55.94,55.43,55.27,55.28,55.23,54.82,55.03,54.33,53.41,53.49,53.55,53.37,53.11,52.94,53.34,54.22,54.52,54.66,55.55,55.47,55.07,55.43,55.48,55.74,55.54,55.33,55.41,55.84,56.11,56.06,56.41,56.49,55.98,55.82,55.82,55.86,55.35,
53,TRV,2012,DD,Financials,57.5,57.55,56.96,57.49,57.36,58.04,57.73,57.99,58.22,58.46,58.44,58.25,58.32,58.12,57.75,58.65,59.24,59.99,62.14,61.77,62.18,61.67,61.5,60.61,60.14,59.62,59.02,58.51,58.08,58.97,57.74,57.98,57.97,57.51,57.34,57.2,57.41,57.69,58.44,58.52,59.01,59.89,59.55,59.52,59.63,59.82,59.51,59.62,59.27,62.19,61.86,62.06,62.02,62.09,61.99,61.92,62.04,62.74,62.85,62.09,
54,UNH,2012,DD,Health Care,49.48,49.67,49.3,49.71,48.98,49.9,50.2,50.26,51.24,50.5,50.91,50.8,50.48,50.96,50.44,50.81,50.28,49.49,49.51,49.2,49.97,49.66,49.43,49.68,49.3,49.5,50.34,49.54,48.86,49.84,47.96,47.23,46.76,46.14,46.13,45.3,45.3,45.87,46.77,46.97,47.31,47.66,47.31,46.48,46.63,48.05,48.07,47.63,47.32,47.59,47.42,47.8,48.09,48.59,49.03,48.26,47.96,48.24,48.76,48.35,
55,UTX,2012,DD,Industrials,67.31,66.25,66.05,65.89,65.84,65.89,65.93,66.07,66.05,66.03,65.91,65.04,63.93,63.96,63.88,64.04,65.26,66.05,66.63,65.59,65.46,64.82,65.52,65,65.77,65.73,66.49,65.66,65.52,67.26,65.33,64.05,63.78,64.72,64.76,63.22,63.38,63.73,64.86,64.95,65.49,66.58,66.64,66.76,67.58,67.55,67.85,67.58,67.87,67.95,68.49,68.59,68.61,68.76,68.6,68.07,67.74,67.74,69.64,70.32,
56,VZ,2012,DD,Communication Services,32.67,32.62,32.6,32.72,32.59,32.76,32.79,33.09,33.79,34.02,33.67,33.34,33.1,32.68,32.26,32.17,31.87,32.33,33.1,32.65,32.37,31.86,31.98,31.99,32.34,32.27,32.63,32.19,31.95,32.03,31.22,30.81,30.83,30.77,30.75,30.54,30.15,29.93,30.95,30.96,31.2,31.64,31.3,31.07,31.49,31.82,31.9,31.88,31.57,31.88,32.14,32.11,31.83,32.13,32.38,32.19,31.96,31.9,31.72,31.36,
57,HPQ,2012,DD,Information Technology,5.77,5.61,5.74,5.78,5.72,5.77,5.75,5,5.01,4.94,4.85,4.82,4.76,4.78,4.83,4.85,4.89,4.94,4.96,4.86,4.93,4.78,4.71,4.76,4.73,4.65,4.7,4.62,4.7,4.83,4.59,4.64,4.57,4.5,4.41,4.41,4.39,4.31,4.46,3.93,4.01,4.17,4.27,4.15,4.27,4.32,4.36,4.32,4.54,4.64,4.64,4.68,4.85,4.89,4.98,4.97,5.05,4.87,4.98,4.93,
58,WMT,2012,DD,Consumer Staples,62.18,61.78,61.72,61.54,61.39,61.6,61.35,61.73,62.16,62.5,62.6,61.68,62.74,62.4,63.07,64.18,63.98,64.08,63.69,62.91,62.93,62.19,62.24,62.66,62.48,62.41,61.1,60.54,60.85,61.36,60.82,60.3,60.16,60.3,59.74,59.32,57.17,56.59,57.42,57.4,57.31,58.4,58.16,57.82,58.7,58.92,59.91,59.35,60,59.94,59.89,60.47,60.35,59.3,57.67,57.75,57.51,57.89,58.14,57.32,
59,DIS,2012,DD,Communication Services,47.38,47.04,46.5,47.08,46.81,46.62,46.24,46.98,47.12,47.43,46.85,46.12,45.85,45.07,45.3,45.47,45.88,46.82,46.93,46.47,46.37,45.45,45.35,45,44.84,43.98,44.57,44.64,45.05,45.19,44.84,44.8,42.13,42.48,42.94,42.23,42.5,42.46,42.9,43.37,43.59,44.1,43.9,43.51,44.05,44.52,44.46,44.13,44.14,44.4,44.6,44.76,44.82,44.98,45.13,44.65,44.25,44.8,45.65,45.4,
60,MMM,2008,RD,Industrials,50.34,51.19,50.98,48.69,50.15,49.47,48.16,47.42,46.25,44.03,42.12,39.28,39.83,43.77,43.58,40.14,42.04,41.47,42.22,44.08,42.72,45.18,43.76,44.32,47.21,45.88,45.92,47.2,47.06,48.17,47.37,45.78,47.59,47.68,45.79,43.64,47.3,46.29,44.63,45.64,43.49,42.03,45.37,46.82,47.1,48.78,49.53,46.14,45.04,44.93,43.77,44.29,42.47,41.56,42.57,40.81,41.47,41.17,43.16,43.35,
61,AXP,2008,RD,Financials,30.76,31.03,32.4,26.7,29.07,29.14,26.5,25.45,24.79,23.29,22.36,19.79,19.09,22.51,23.24,20.13,19.49,19.24,20.08,21.76,20.63,20.23,19.83,19.03,21,20.79,21.49,22.68,23.35,24.59,22.95,20.55,20.87,19.77,18.47,16.53,17.13,16.48,15.97,15.98,15.45,14.21,15.41,17.46,17.62,18.39,19.22,16.19,17.12,18.03,17.18,17.96,20.15,19.2,17.78,16.6,16.77,15.95,16.54,16.33,
62,T,2008,RD,Communication Services,15.29,15.86,15.82,14.64,14.73,14.82,14.75,14.83,14.17,13.58,13.25,12.32,12.01,13.97,14.29,13.19,13.64,13.55,14.46,13.79,12.74,13.53,13.22,13.07,14.79,14.41,14.52,14.34,14.9,15.69,14.55,13.92,14.47,14.72,14.64,14.03,15.36,14.81,14.34,14.24,13.52,13.13,13.5,14.43,14.62,15.21,15.3,14.44,15.02,15.58,15.09,15.08,16.06,15.62,15.04,14.97,15.1,14.54,15.12,15.07,
63,BA,2008,RD,Industrials,42.38,42.42,43.09,40.98,42.37,41.83,39.58,39.77,37.89,36.41,35.24,32.81,30.88,34.78,33.3,31.27,33.09,32.91,34.51,34.28,31.7,34.37,33.42,31.29,36.13,36.79,37.46,38.73,39.04,39.61,36.88,34.03,34.67,34.34,32.73,31.65,32.13,30.55,30.65,29.45,27.9,27.62,29.46,30.33,29.91,30.73,31.73,29.68,30.29,30.12,29.17,29.42,31.89,30.38,31.02,29.97,29.18,28.84,31.19,30.53,
64,CAT,2008,RD,Industrials,43.34,43.49,45.02,42.04,41.84,39.98,36.66,35.95,34.54,33.22,33.45,31.45,30.28,34.73,33.34,29.52,30.04,27.88,29,27.53,25.89,25.07,23.61,23.24,24.78,25.62,26.5,27.08,27.66,29.96,28.64,26.66,27.26,26.52,26.14,24.87,27.94,26.21,25.31,25.66,24.01,23.28,24.58,25.77,26.43,27.89,29.06,25.94,26.94,28.11,26.6,27.13,30.08,30.05,30.96,29.92,29.84,29.93,31.06,31.66,
65,CVX,2008,RD,Energy,55.41,56.87,56.53,50.39,53.62,53.44,51.72,51.61,49.96,47.69,47.52,41.61,37.6,45.44,44.56,39,41.02,40.54,45.26,43.43,40.14,43.41,41.55,40.12,45.52,46.16,48.23,48.5,47.91,50.83,48.68,45.58,47.76,48.33,47.81,43.74,49.22,47.66,46.41,48.13,46.3,42.23,46.22,48.72,50.19,52.42,51.81,47.23,49.54,49.01,47.06,48.8,51.21,49.55,51.44,52.11,51.81,51.29,51.81,50.38,
66,KO,2008,RD,Consumer Staples,15.58,15.97,16.29,15.84,16.41,16.81,16.64,16.32,15.81,15.3,14.72,13.44,12.88,14.67,13.57,13.72,14.21,13.72,14.42,14.29,14.09,13.37,12.92,12.73,14.05,13.61,13.86,13.68,14.11,14.29,13.88,13.81,14.36,14.25,13.79,13.61,14.37,13.97,13.65,13.5,13.12,12.75,13.66,14.04,13.99,14.33,14.8,14,13.87,14.57,14.13,14.52,14.52,14.15,14.31,13.96,14.07,14.2,14.67,14.36,
67,DD,2008,RD,Materials,37.61,38.19,37.25,33.95,34.84,34.79,33.3,32.77,32.15,30.97,30.51,28.28,26.75,28.61,28.46,24.46,26.61,26.27,27.97,26.22,24.24,26.79,26.16,25.01,27.54,27.5,28.46,29.25,28.81,29.7,28.02,26.84,26.57,26.05,25,23.29,24.38,23.19,22.65,22.86,21.01,18.22,19.06,20.05,19.99,20.74,20.34,19.66,20.39,20.67,20.09,20.83,22.33,21,21.4,21.38,21.61,21.69,22.81,22.59,
68,XOM,2008,RD,Energy,54.11,55.94,55.93,51.36,53.85,54.49,53.74,54.05,53.62,52.75,53.39,47.15,43.24,50.68,50.25,43.24,48.16,47.18,52,49.58,44.78,48.81,47.87,45.83,51.91,51.77,52.04,51.4,51.52,53.73,51.1,48.51,51.57,51.62,50.67,48.07,52.59,51.39,51.18,53.23,51.2,47.78,52.87,54.96,54.48,56.41,55.9,51.83,54.13,55.05,53.19,53.42,55.52,54.54,55.84,55.81,56.11,55.76,57.98,56.53,
69,GE,2008,RD,Industrials,15.93,16.64,16.36,14.96,16.52,15.87,14.35,13.97,13.85,13.15,13.38,12.32,13.93,13.6,13.51,12.47,12.89,12.72,13.05,13.18,12.28,12.18,11.55,11.49,12.63,12.44,12.54,12.64,12.5,13.46,12.91,11.88,12.22,11.95,11.54,10.55,10.92,10.38,10.44,10.4,9.36,8.32,9.09,9.89,10.22,10.49,11.12,10.04,11.41,11.75,11.37,11.56,12.23,11.52,11.66,11.05,11.08,10.98,11.61,11.27,
70,AA,2008,RD,Materials,54.58,53.09,50.15,45.54,48.1,45.31,41.28,40.99,38.58,35.6,31.34,26.54,23.97,29.44,27.67,24.14,26.01,25.14,26.44,25.88,22.41,21.28,20.05,19.26,22.96,23.75,24.39,24.5,25.31,26.56,25.48,22.16,24.17,25.44,23.63,21.96,24.19,23.41,20.88,20.47,17.62,14.79,18.23,19.76,20.95,22.63,23.24,20.11,21.08,20.06,17.41,17.6,20.69,20.63,22.03,21.55,21.77,21.4,22.44,22.35,
71,HD,2008,RD,Consumer Discretionary,18.68,19.26,19.76,18.66,19.33,19.35,18.56,17.78,17.04,16.34,15.81,14.88,14.75,16.21,15.73,14.81,14.71,15.09,15.52,15.32,14.54,14.23,13.82,14.12,16.1,16.16,16.96,17.61,16.59,17.46,16.54,15.63,15.72,15.49,15.31,14.78,16.6,15.34,14.93,15.46,14.75,13.83,14.4,15.99,16.61,17.58,17.25,15.84,16.49,17.18,17.52,18.41,18.3,17.51,18.33,17.35,17.71,17.67,18.35,18.64,
72,INTC,2008,RD,Information Technology,13.09,13,13.44,12.09,13.12,12.97,12.04,12.12,11.86,11.22,11.38,10.92,10.64,11.9,11.15,10.5,11.12,10.85,11.23,10.68,10.21,10.16,10,9.98,11.11,10.46,11.32,11.22,10.95,11.39,10.64,9.8,10.33,10.14,9.84,9.55,10.19,9.41,9.18,9.26,8.82,8.64,9.26,9.58,9.27,9.87,9.75,8.87,9.38,9.65,9.02,9.39,9.85,10.1,10.08,9.9,10.42,10.31,11.05,10.78,
73,IBM,2008,RD,Information Technology,82.29,84.87,84.39,80.88,82.65,77.82,74.01,73.09,71.1,67.59,63.99,62.89,62.01,65.16,66.14,62.39,64.67,64.15,65.37,62.79,59.07,59.6,57.99,56.29,61.67,62.32,64.08,65.7,65.49,66,63.55,60.51,61.3,59.6,58.79,56.66,59.84,57.08,55.06,56.9,53.98,50.98,53.21,56.77,57.31,58.03,57.98,54.64,56.73,57.32,55.03,57.27,60.3,58.76,58.88,57.26,58.41,58.81,61.39,61,
74,JNJ,2008,RD,Health Care,48.1,48.93,48.96,47.19,48.87,47.82,47.82,46.67,45.5,44.08,43.99,40.62,39.4,44.22,45.15,42.71,44.79,44.19,45.46,44.91,43.33,44.05,42.88,42.43,45.28,43.4,42.73,43.27,43.14,43.66,42.22,40.86,42.48,42.33,42.01,40.86,44.37,42.36,41.81,42.95,41,39.37,41.5,42.04,41.75,41.45,41.67,39.36,40.42,40.77,39.96,41.42,41.8,41.12,41.11,41.43,40.72,41.12,42.39,41.81,
75,JPM,2008,RD,Financials,30.35,32.57,36.15,30.73,35,37.19,37.65,34.66,33.23,29.69,29.68,27.7,31.45,31.71,30.74,29.07,30.58,29.7,30.71,30.01,28.07,28.58,26.76,25.68,28.4,26.97,28.41,31.15,30.76,31.85,29.62,28.89,28.51,27.5,27.45,26.11,28.09,26.03,24.75,24.27,21.5,17.66,17.16,20.83,22.48,23.12,23.91,19.73,21.55,22.84,23.47,25.19,27.56,25.65,25.31,22.61,23.37,21.62,24.43,24.06,
76,MCD,2008,RD,Consumer Discretionary,43,43.59,44.24,42.11,43.19,44.56,43.32,42.16,40.01,38.48,37.39,36.46,37.35,40.08,39.21,36.09,38.12,37.66,39.79,38.59,37.93,38.91,37.14,36.23,39.63,40.03,40.51,40.55,39.92,40.45,39.2,37.92,38.83,39.54,39.4,37.81,39.38,39.29,38.93,39.56,38.81,37.04,38.61,38.86,39.77,40.89,41.49,39.67,40.29,42.06,42.97,44.29,43.02,42.15,43.55,42.99,42.79,42.86,44.44,44.23,
77,MRK,2008,RD,Health Care,20.6,21.19,21.03,19.86,20.66,21.01,20.36,20.8,19.67,18.93,18.67,17.16,17.17,19.26,19.07,17.39,18.45,18.66,20.29,19.62,18.34,18.89,17.9,17.56,19.44,18.77,19.76,20.26,19.62,20.38,18.8,18.24,18.93,18.27,18.04,17.49,18.68,17.89,17.01,17.11,16.57,15.42,15.97,16.65,16.9,17.22,17.49,16.27,17.47,17.57,16.6,17.59,17.93,17.47,17.92,17.56,17.96,17.66,18.53,18.01,
78,MSFT,2008,RD,Information Technology,19.59,20.27,20.87,19.05,20.33,20.17,20,20.05,18.98,17.7,17.53,16.99,16.38,19.43,18.36,17.26,18.43,18.23,18.83,17.8,16.4,17,16.73,16.14,17.6,17.52,17.24,17.01,17.23,17.93,16.82,15.91,16.38,16.23,16.15,15.46,16.19,15.28,14.72,15.05,14.03,13.44,15.09,15.87,15.33,15.72,15.51,14.27,14.69,15.24,14.66,15.24,16.11,15.8,15.81,14.92,14.85,14.6,15.42,15.08,
79,BAC,2008,RD,Financials,28.73,29.86,31.89,26.28,30.41,33.13,31.6,29.96,27.99,20.65,19.2,17.05,18.13,19.8,23.05,20.7,21.07,20.19,21.2,20.83,19.69,19.98,18.31,17.84,20,19.39,19.79,21,20.51,21.31,18.9,17.48,17.8,16.92,16.24,14.77,14.86,14.27,13.06,13.2,11.35,9.77,9.97,12.68,12.86,13.41,14.12,11.16,12.48,13.37,12.74,13.54,15.85,15.06,14.83,13.25,13.27,12.54,13.42,12.99,
80,PFE,2008,RD,Health Care,11.49,11.91,11.92,11.28,11.78,12.1,12,12.14,12.1,11.28,10.94,10.01,9.67,10.66,10.94,10.39,10.84,10.8,11.08,11.08,10.69,10.92,10.59,10.47,11.38,10.98,11.41,11.31,11.35,11.76,11.05,10.64,10.96,10.79,10.9,10.29,10.88,10.58,10.35,10.59,10.12,9.39,10.19,10.43,10.36,10.45,10.68,9.93,10.42,10.81,10.58,10.76,11.01,10.71,10.77,10.77,11,10.81,11.29,11.22,
81,PG,2008,RD,Consumer Staples,48.05,47.88,48.12,46.65,48.71,49.81,49.93,49.64,47.93,46.3,46.2,42.55,41.63,44.24,44.8,41.81,43.17,43.15,44.67,44.01,41.33,42.61,41.41,40.35,44.48,42.9,44.37,45.4,45.3,46.47,44.88,44.56,45.36,45.69,44.89,43.51,45.76,44.39,43.97,45.19,43.8,41.73,44.38,45.5,44.44,44.43,45.26,42.55,43.22,44.23,43.08,44.05,43.96,42.06,41.59,41.21,41.46,41.75,43.34,42.7,
82,C,2008,RD,Consumer Cyclical,173.57,177.68,184.46,162.49,187.75,210.55,205.97,167.98,159.38,138.69,131.82,118.36,129.17,144.18,170.45,148.57,145.55,136.22,138.14,129.81,121.93,120.01,111.13,107.38,122.76,118.18,120.16,125.11,128.23,134.55,115.76,105.59,108.34,102.75,98.99,88.36,86.62,87.26,81.48,76.62,58.66,43.17,34.55,54.54,55.73,64.62,75.98,59.12,66.18,71.68,67.83,70.67,77.63,78.27,76.07,69.38,70.58,67.83,75.43,71.77,
83,UTX,2008,RD,Industrials,45.3,44.95,46.23,43.04,45.63,44.91,41.77,41.68,40,38.08,37.74,35.2,36.18,41.12,39.91,37.41,40.17,38.52,39.68,38.71,36.92,36.99,35.94,34.32,38.96,39.56,40.7,41.75,41.21,43.49,40.77,38.45,39.36,39.65,39.35,37.51,40.01,38.44,36.85,37.75,35.2,33.08,35.72,37.59,36.07,36.53,37.14,34.92,35.25,36.22,36.09,37.51,37.24,36.71,36.75,36.03,37.37,37.99,39.55,38.73,
84,VZ,2008,RD,Communication Services,16.58,16.99,17.06,16.23,17.01,16.65,16.57,16.56,15.88,15.31,14.95,13.98,14.43,15.6,15.61,14.36,14.78,14.66,15.63,15.1,13.88,14.15,13.52,14.89,17.07,16.45,16.45,16,16.58,17.58,16.63,15.77,16.2,16.44,16.02,15.62,16.79,16.18,15.77,15.37,14.53,14.29,15.35,16.03,16.49,17.55,17.6,16.54,17.32,17.9,17.34,17.9,18.46,17.98,17.65,17.51,17.69,17.42,18.06,18.36,
85,HPQ,2008,RD,Information Technology,14.01,14.29,14.32,13.34,13.85,13.47,12.96,12.88,12.26,11.88,11.98,11.53,11.08,12.4,12.12,11.56,11.88,11.89,12.28,11.4,10.55,9.93,9.72,9.34,10.51,10.6,11.29,11.47,11.56,11.45,10.86,10.08,10.37,10.23,9.96,9.33,9.5,9.12,8.79,10.06,9.89,9.53,10.37,10.69,10.06,10.55,10.57,10.02,10.26,10.43,10,10.04,10.55,10.34,10.51,10.42,10.77,10.48,10.93,10.98,
86,WMT,2008,RD,Consumer Staples,44.6,45.51,45.96,44.25,45.34,45.17,44.55,45.22,43.83,41.52,41.3,38.9,38.57,41.26,41.21,37.89,41.35,40.71,41.21,40.63,39.57,39.94,38.91,37.6,41.77,41.65,41.45,42.25,42.37,42.49,40.98,40.49,41.18,41.77,41.45,39.84,41.58,39.9,39.22,39.91,38.61,38.35,40.06,39.95,41.4,42.92,42.3,40.13,40.46,41.17,41.72,44.07,43.58,42.25,41.83,41.66,41.54,41.6,42,41.96,
87,DIS,2008,RD,Communication Services,26.95,27.55,27.78,25.22,26.04,26.03,25.42,25.06,23.98,22.54,21.79,20.19,19.55,22.67,21.79,19.83,20.59,21,22.52,21.47,19.56,19.85,19.18,18.13,20.28,20.34,21.49,21.98,21.24,22.07,20.56,19.35,19.82,18.73,18.48,17.1,18.37,17.88,16.75,17.54,16.92,15.89,17.92,18.83,18.69,19.09,19.11,17.25,18.21,18.61,18.49,19.32,21.14,19.96,20.11,19.65,19.47,19.61,20.48,20.3,
88,MMM,2004,RR,Industrials,53.68,52.65,52.64,51.98,52.9,52.71,53.5,53.32,52.81,52.69,54.29,53.3,53.03,53,52.61,52.17,51.92,52.17,50.91,50.44,51.38,51.92,50.77,50.56,50.99,51.9,51.62,51.9,51.46,50.77,50.37,52.24,54.46,54.45,54.32,54.09,54.78,55.32,55.05,54.71,55.26,55.35,54.4,54.26,53.92,53.93,53.87,53.76,53.48,54.06,53.7,54.49,54.01,53,53.25,53.07,52.95,52.74,52.75,53.15,
89,AXP,2004,RR,Financials,34.94,34.94,35.17,34.79,34.91,35.29,35.34,35.47,36.15,36.24,36.68,36.54,35.98,36.17,36.3,35.91,35.61,36.15,36.29,35.92,35.88,36.01,35.62,35.22,35.65,36.19,36.32,36.54,36.43,37.18,37.42,37.84,37.95,37.71,37.62,37.71,38.14,38.31,38.56,38.4,38.59,38.58,38.35,38.64,38.7,38.73,38.64,38.44,38.36,38.87,38.66,38.73,38.74,38.18,38.34,38.08,38,37.9,38.53,38.66,
90,BA,2004,RR,Industrials,37.14,36.67,36.77,36.33,36.2,35.3,35.72,36.31,36.2,35.63,36.23,35.51,34.67,34.78,34.87,34.76,34.77,34.73,34.31,34.05,33.88,34.29,34.26,33.91,34.58,34.67,34.51,34.53,34.56,34.52,35.39,35.01,35.39,36.03,36.48,37.09,37.72,37.46,37.53,37.51,38.03,38.1,37.35,37.49,37.74,37.59,37.52,37.25,37.21,38,38.11,38.39,38.03,37.34,36.68,36.66,36.41,36.59,36.57,36.4,
91,CAT,2004,RR,Industrials,24.23,23.95,24.03,23.92,24.72,25.88,25.86,25.91,26.12,25.84,26.04,25.72,25.56,25.53,25.64,25.43,25.56,26.07,26.08,26,25.97,25.02,25.12,25.44,25.79,26.24,25.83,26.16,26.58,26.63,27.36,27.89,28.31,28.26,28.68,28.82,29.18,29.22,29.13,29.19,29.52,29.7,29.29,29.26,29.52,29.9,30.14,29.61,29.73,30.09,29.79,29.53,29.42,29.5,29.43,29.71,29.76,30.52,30.43,30.82,
92,MO,2004,RR,Consumer Discretionary,4.69,4.73,4.68,4.67,4.78,4.81,4.87,4.96,4.95,4.92,4.94,4.85,4.81,4.86,4.86,4.88,4.86,4.92,4.9,4.9,4.9,4.89,4.84,4.77,4.86,4.97,5.04,5.01,5.02,5.02,5.17,5.61,5.59,5.63,5.57,5.59,5.64,5.66,5.62,5.63,5.94,6.07,6,5.97,5.91,5.93,6.02,5.99,5.95,5.9,6,6.03,5.99,5.97,6,6.09,6.12,6.19,6.29,6.29,
93,KO,2004,RR,Consumer Staples,10.15,10.05,10.04,9.95,10.04,10.05,10.06,10.12,10.23,10.21,10.27,10.08,10.05,10.05,9.99,9.89,9.83,9.84,9.85,9.89,9.91,9.92,9.77,9.71,9.87,10.15,10.17,10.21,10.18,10.21,10.26,10.39,10.4,10.37,10.36,10.34,10.29,10.24,10.19,10.11,10.12,10.12,9.98,10.01,9.97,10,10.01,10.1,10,10.11,10.28,10.35,10.27,10.21,10.27,10.38,10.31,10.39,10.5,10.55,
94,DD,2004,RR,Materials,41.59,41.06,41.99,42.24,43.33,44.31,44.7,44.89,44.82,44.92,45.87,44.96,44.61,44.47,44.24,43.31,43.03,43.74,44.15,43.03,42.46,42.12,43.14,43.35,43.86,44.53,43.6,44.46,44.71,44.52,45.4,46.7,47.12,47.21,47.6,47.89,48.04,48.84,48.38,47.98,48.33,48.81,48.36,48.98,49.11,49.52,49.88,50.26,49.93,50.48,49.41,49.23,49.56,48.16,48.07,48.3,48.2,48.79,48.48,49.13,
95,XOM,2004,RR,Energy,31.44,30.73,30.77,30.86,31.22,30.98,31.1,31.46,31.47,31.73,32.19,32,32.07,32.03,31.76,31.19,31.34,31.54,31.37,31.08,31.44,31.4,31.33,31.4,31.78,31.49,31.28,31.67,31.41,31.16,31.7,32.29,32.42,32.28,31.9,32.13,32.12,32.62,32.07,31.96,32.34,32.38,32.59,32.93,33.12,33.31,33.41,33.23,33.15,33.09,32.45,32.52,32.43,32.15,32.36,32.55,32.44,32.78,32.77,32.67,
96,GE,2004,RR,Industrials,19.18,19.01,19,18.84,18.94,19.02,19.1,19.32,19.4,19.36,19.55,19.31,19.19,19.34,19.35,19.17,19.03,19.08,19.27,19.01,18.89,18.98,18.74,18.71,19.13,19.31,19.35,19.4,19.36,19.36,19.52,19.96,20.01,19.97,20.14,20.09,20.36,20.62,20.53,20.53,20.67,20.95,20.63,20.52,20.37,20.27,20.16,20.08,20.11,20.48,20.44,20.38,20.29,20.08,20.31,20.48,20.87,21.32,21.26,21.26,
97,AA,2004,RR,Materials,60.82,60.82,61.09,61.35,63.97,65.05,65.71,66.53,66.49,65.65,66.83,66.67,65.34,65.24,64.93,62.97,63.68,63.72,63.56,61.23,61.15,62.11,61.94,62.72,64.63,65.28,63.4,63.58,64.3,62.76,63.09,65.25,65.53,65.49,65.15,65.15,65.76,67.36,66.45,66.06,66.57,66.75,66.06,66.14,66,66.33,68.08,67.77,66.79,67.4,65.71,64.58,63.72,62.29,62.62,63.07,63.09,63.5,62.4,61.52,
98,HD,2004,RR,Consumer Discretionary,26.32,26.26,26.44,26.36,26.72,27.1,26.97,27.01,27.28,27.2,27.32,27.04,26.85,27.57,27.42,27.38,27.05,27.39,27.65,27.35,27.17,27.34,26.95,26.61,27.3,28.07,28.32,28.27,28.27,28.31,28.36,28.86,29.1,29.21,28.94,28.91,29.43,29.74,30.13,29.59,29.09,29.46,29.38,29.75,29.95,29.88,29.84,29.61,28.79,29.15,29.06,28.81,28.96,28.8,29.34,29.57,29.4,29.48,29.41,29.3,
99,INTC,2004,RR,Information Technology,13.29,13.27,13.1,12.97,12.81,13.06,13.06,13.57,13.75,13.88,13.75,13.83,13.38,13.42,13.2,13.66,13.35,13.42,13.53,13.54,13.96,14.12,13.86,13.87,13.93,14.32,14.5,14.49,14.61,14.72,14.78,14.92,15.23,15.15,15.05,14.91,15.11,15.45,15.5,15.55,15.86,16.17,15.75,15.71,15.24,15.4,15.13,15.04,14.59,15.06,14.81,15.59,15.66,15.31,15,14.84,14.71,14.76,15.15,15.09,
100,IBM,2004,RR,Information Technology,56.65,56.36,56.73,56.55,56.76,57.1,57.61,58.27,58.56,58.67,59.16,58.74,58.26,58.21,57.78,57.1,56.97,57.01,57.73,60.05,59.68,59.2,58.72,59.42,59.8,60.47,60.14,60.3,60.55,60.79,61.28,62.07,62.68,62.86,62.86,63.02,63.81,64.17,64.57,63.88,64.27,64.02,63.59,64.03,64.14,64.27,63.77,64.29,63.44,64.55,64.47,65.36,65.75,64.7,65.07,65.65,65.08,64.93,65.51,65.52,
101,JNJ,2004,RR,Health Care,36.84,36.36,36.35,36.34,36.71,36.66,36.21,36.64,36.8,36.94,37.12,35.95,35.56,35.59,36.53,36.33,36.33,36.37,36.85,36.39,36.96,37.14,36.83,36.69,36.79,37.14,37.29,37.53,37.57,37.31,38.22,38.07,38.04,38.47,38.46,38.65,38.96,39.4,39.5,39.42,39.33,39.48,39.1,39.31,39.12,39.08,39.04,38.88,38.96,39.52,39.88,39.99,39.93,39.02,39.5,39.6,38.91,39.17,39.68,39.33,
102,JPM,2004,RR,Financials,26.05,25.79,25.98,25.58,25.74,25.94,25.97,26.37,26.21,26.01,26.03,26.06,26.14,25.96,26.04,25.87,25.4,25.54,25.71,25.04,24.55,24.85,24.7,24.4,24.71,25.06,25.37,25.44,25.38,25.41,25.61,26.13,25.94,25.89,25.78,25.68,25.83,25.82,25.81,25.36,25.23,24.93,24.67,24.75,24.76,24.85,24.84,24.59,24.82,25.23,25.34,25.09,25.13,24.92,24.75,24.84,24.81,25.21,25.54,25.73,
103,MCD,2004,RR,Consumer Discretionary,16.97,17.05,17.34,17.55,17.57,17.52,17.61,17.68,17.59,17.55,17.49,17.55,17.55,17.39,17.31,18.13,18.27,18.21,18.35,18.22,18.09,17.92,17.92,17.83,18.14,18.34,18.24,18.31,18.58,18.34,18.41,18.62,18.89,18.97,18.96,19.21,19.38,19.52,19.47,19.27,19.45,19.17,18.75,18.8,19.26,19.45,19.56,19.68,19.67,19.97,20.11,20.02,19.89,19.98,20.16,20.34,20.25,20.47,20.42,20.76,
104,MRK,2004,RR,Health Care,24.88,24.61,24.51,24.72,24.97,25.05,18.34,18.52,19.03,18.58,17.61,17.22,16.87,17.09,17.15,16.72,16.78,16.95,17.18,17.32,17.46,17.38,16.99,16.95,17.04,17.36,17.55,17.41,15.72,14.9,15.49,15.02,14.57,14.77,14.45,14.68,14.54,14.7,15.06,15.28,15.2,15.21,15.08,15.08,15.09,15.13,15.4,15.38,15.58,15.62,16.12,16.16,15.85,15.72,16.17,16.19,16.2,16.37,16.69,17.18,
105,MSFT,2004,RR,Information Technology,17.61,17.76,17.72,17.65,17.7,17.9,17.95,18.34,18.26,18.42,18.52,18.29,18.17,18.22,18.2,18.2,18.05,18.17,18.44,18.29,18.63,18.54,18.01,17.94,18.11,18.27,18.18,18.16,18.23,18.33,18.48,18.83,19.03,19.01,19.33,19.3,19.46,19.46,19.82,19.62,19.66,19.59,19.43,19.28,19.2,19.28,19.25,19.37,19.4,19.72,19.6,19.7,19.77,19.59,19.8,19.7,19.59,19.72,19.7,19.62,
106,HON,2004,RR,Industrials,23.3,23.3,23.19,23.03,23.36,23.42,23.53,24.12,24.03,23.96,24.09,23.42,23.46,23.32,23.19,23.05,22.82,22.97,22.74,23.26,22.18,21.66,21.47,21.15,21.62,21.88,22.06,22.1,22.99,22.61,22.87,23.34,23.59,23.76,23.8,23.89,24,24.03,23.74,23.45,23.69,23.78,23.4,23.52,23.58,23.66,23.57,23.48,23.31,23.97,23.73,23.54,23.27,22.83,22.81,22.81,23.3,24.05,24.02,23.76,
107,PFE,2004,RR,Health Care,16.36,16.21,16.07,16.04,16.29,16.35,16.57,16.78,16.95,16.95,16.89,16.24,16.14,16.42,16.17,16.01,15.75,15.44,15.71,15.71,15.33,15.4,15.03,15.05,15.35,15.73,15.55,15.68,15.6,15.55,15.95,15.74,15.59,15.39,15.25,14.97,14.79,14.96,15.05,14.89,15.25,15.13,14.84,14.75,14.66,14.6,14.8,14.89,15.13,15.38,15.51,15.2,14.83,14.82,14.99,14.91,14.76,14.8,14.89,15.43,
108,PG,2004,RR,Consumer Staples,34.92,34.91,34.78,34.49,34.58,35.02,34.8,35.15,34.95,34.89,34.92,34.5,34.37,34.52,34.43,34.1,34.07,34.53,34.51,34.08,34.61,34.65,34.28,33.81,34.38,33.46,33.15,33.07,32.95,32.93,33.51,34.37,34.58,34.43,34.1,34.25,34.89,35.28,35.2,35.12,35.21,35.39,35.1,35.19,34.93,34.85,34.66,34.96,34.56,35.32,36.07,35.79,35.09,34.92,35.56,36.43,36.47,36.5,36.5,36.26,
109,C,2004,RR,Consumer Cyclical,399.3,394.8,397.23,392.37,398.67,402.18,396.96,403.71,402.45,400.56,402.54,402.72,400.92,403.62,403.08,396.87,393.18,395.34,397.86,392.19,389.49,386.43,382.93,383.11,389.94,395.43,398.58,399.57,399.03,404.35,407.86,415.06,415.42,416.5,416.14,414.7,416.59,423.89,420.29,414.7,415.87,413.44,406.6,406.78,407.14,409.93,409.03,404.89,403,413.71,412.09,411.1,415.78,414.25,416.86,418.22,413.44,421.19,422.09,426.05,
110,AIG,2004,RR,Financials,1011.91,1002.5,1000.47,993.38,989.33,991.36,983.97,994.54,991.21,962.41,963.86,966.9,968.2,976.59,975.15,969.5,871.09,837.22,863.71,835.05,833.61,816.96,791.64,811.9,873.12,868.63,885.85,878.62,879.48,889.61,892.22,883.83,883.54,876.16,879.19,878.47,882.09,883.25,909.44,906.69,912.91,912.05,894.39,909.59,929.12,929.56,923.48,923.05,916.82,936.85,942.93,948.43,945.82,937.14,937.14,950.45,940.76,945.1,942.35,936.7,
111,UTX,2004,RR,Industrials,32.89,32.48,32.34,32.04,32.42,32.56,32.78,33.29,33.19,32.91,32.9,32.43,32.44,32.39,32.41,31.77,31.84,32.18,31.59,31.61,31.56,31.96,31.94,32.18,32.5,32.61,32.32,32.58,33.28,32.81,33.35,33.68,34.14,34.11,34.12,34.27,34.22,34.31,34.39,34.19,34.42,34.55,34.39,34.38,34.37,34.41,34.34,34.38,34.5,35.41,35.05,34.8,34.65,34.17,34.72,35.16,35.72,36.37,36.42,36.2,
112,VZ,2004,RR,Communication Services,16.94,16.81,16.88,16.66,16.69,16.66,16.49,16.76,17.13,17.24,17.55,17.39,17.23,17.28,17.49,17.38,17.25,17.29,17.28,17.06,16.94,16.84,16.49,16.45,16.5,16.67,16.66,16.54,16.92,16.92,17.16,17.38,17.35,17.39,17.46,17.42,17.62,17.86,17.71,17.61,17.51,17.57,17.39,17.34,17.33,17.3,17.36,17.43,17.44,17.6,17.74,17.78,17.74,17.51,17.5,17.43,17.26,17.47,17.36,17.22,
113,HPQ,2004,RR,Information Technology,5.13,5.19,5.11,5.06,5.02,5.1,5.16,5.26,5.25,5.22,5.28,5.24,5.11,5.13,5.1,5.2,5.06,5.01,5.02,5.02,5.02,5.05,4.94,4.93,4.92,5.08,5.09,5.14,5.16,5.23,5.23,5.38,5.42,5.45,5.42,5.22,5.3,5.32,5.35,5.42,5.56,5.58,5.53,5.56,5.55,5.54,5.55,5.53,5.51,5.65,5.66,5.78,5.87,5.8,5.79,5.74,5.73,5.75,5.72,5.75,
114,WMT,2004,RR,Consumer Staples,36.79,37.41,37.6,37.4,37.58,37.74,37.88,37.83,37.96,38.03,38.44,38.13,37.63,37.67,37.68,37.42,37.1,37.4,37.68,37.51,37.37,37.1,37.02,37.24,37.61,38.25,38.44,38.39,38.34,38.56,38.79,40.06,40.21,40.25,40.1,39.91,40.32,40.48,41.09,40.51,40.05,39.73,39.34,39.65,39.63,39.52,39.39,37.85,37.07,37.61,37.74,37.69,37.4,37.38,37.39,37.57,37.53,37.7,38.1,37.85,
115,DIS,2004,RR,Communication Services,18.74,18.71,18.87,18.64,18.18,18.34,18.14,18.57,18.94,19.21,19.58,19.91,19.99,20.03,19.98,20.12,19.99,20.04,20.17,20.02,19.9,20.35,19.8,19.78,20.01,20.09,20.21,20.29,20.3,20.48,20.63,21.17,21.26,20.95,21.13,21.45,21.39,21.56,21.5,21.34,21.37,21.21,21.45,21.87,21.98,21.99,21.82,21.77,21.62,22.27,22.22,22.02,21.98,21.8,22.08,22.42,22.43,22.51,22.45,22.4,
116,MMM,2000,DR,Industrials,26.08,26.57,26.43,26.59,27.26,27.69,27.04,26.73,26.61,27.01,27.04,26.35,26.39,26.73,26.43,26.43,25.81,25.3,26.05,26.12,26.14,26.73,27.11,27.55,28.02,27.59,27.53,27.51,28.24,28.11,28.22,28.24,27.55,27.5,27.55,27.66,27.64,27.84,27.44,28.09,28.13,28.13,29.14,29.03,29.4,29.32,29.25,30.83,34.24,33.8,33.67,34.33,33.84,33.43,33.41,32.59,32.94,33.65,33.4,33.16,
117,AXP,2000,DR,Financials,38.82,40.27,40.14,41.63,40.64,40.29,40.37,38.34,37.47,36.73,35.98,34.33,35.69,36.89,35.57,35.9,37.1,37.1,35.98,37.8,37.97,36.03,36.93,38.67,39.71,38.63,38.13,39.46,40.12,40.33,38.38,38.55,37.76,36.98,37.93,38.18,38.22,37.1,34.83,35.24,34.29,34,35.07,36.48,37.68,36.36,35.9,34.41,35.74,35.57,35.36,36.27,37.39,37.18,37.39,36.69,36.15,37.56,36.36,34.04,
118,BA,2000,DR,Industrials,41.77,41.73,41.73,37.81,38.74,39.54,39.5,39.46,38.45,38.53,38.94,36.31,38.01,38.94,39.14,39.3,37.81,38.82,39.63,39.46,40.47,40.8,41.24,41.85,43.87,42.54,42.78,42.74,42.74,42.17,42.14,42.59,41.17,40.72,41.74,41.21,42.67,42.39,42.51,44.49,42.22,42.59,43.68,43.76,45.34,44.78,42.67,42.02,44.7,43.68,43.32,45.34,44.33,44.82,44.01,43.6,42.06,44.41,43.03,42.14,
119,CAT,2000,DR,Industrials,8.64,8.77,8,8.84,9.04,9.06,9.03,8.9,8.92,8.61,8.58,8.22,8.17,8.19,7.87,7.87,8.05,8.1,8.29,8.41,8.26,8.39,8.67,9.22,9.25,9.17,9.18,9.18,9.55,9.53,9.61,9.65,9.43,9.55,9.51,9.68,9.58,9.75,9.81,10.09,9.98,10.26,10.47,10.29,10.59,10.37,10.73,11.43,11.44,10.97,10.97,10.98,11.18,11.18,11,10.73,10.77,11.16,11.31,11.36,
120,MO,2000,DR,Consumer Discretionary,2.42,2.49,2.43,2.44,2.48,2.56,2.51,2.48,2.53,2.57,2.6,2.66,2.55,2.53,2.61,2.72,2.71,2.74,2.86,2.89,2.94,2.97,3.02,3.13,3.02,3.01,2.98,2.88,2.87,2.91,3.02,2.94,3.04,2.85,2.85,2.95,2.99,3.02,3.01,3.09,2.95,2.93,3.01,3.06,3.17,3.15,3.1,3.11,3.18,3.22,3.27,3.27,3.21,3.2,3.41,3.47,3.35,3.45,3.6,3.69,
121,KO,2000,DR,Consumer Staples,12.1,12.06,11.99,12.4,12.25,12.45,12.86,12.71,12.58,12.66,12.74,12.45,12.44,12.75,12.6,12.66,12.43,11.92,12.03,12.21,12.6,12.77,12.82,13.02,13.13,13.24,13.21,12.9,13.16,13.06,13.09,13.55,13.46,13.28,13.17,13.34,13.47,13.36,12.3,12.02,12.96,12.83,12.96,13.15,13.59,13.7,13.6,13.73,13.44,13.32,13.64,13.32,12.76,12.69,12.65,12.47,11.7,12,12.41,12.3,
122,DD,2000,DR,Materials,21.48,21.42,22.03,22.03,23.8,24.07,23.69,23.3,23.41,22.91,22.31,21.7,21.26,20.93,20.65,20.65,20.76,21.26,21.59,23.52,22.91,23.58,24.24,27,27.06,27,26.94,27.77,27.61,27.83,28.49,27.66,27.28,27.66,27.72,28.16,27.39,27.94,27.77,27.39,27.33,27.33,26.67,26.28,27.61,27,28.88,31.64,32.25,30.92,29.26,29.87,29.48,29.48,28.82,28.49,27.06,28.1,29.93,29.26,
123,GE,2000,DR,Industrials,30.72,30.49,29.95,30.31,30.6,30.5,30.96,30.79,30.31,30.08,29.34,28.24,29.53,29.92,28.82,28.75,28.82,27,25.77,27.65,27.43,27,27.07,27.98,28.4,28.2,27.81,27.62,28.24,28.46,28.27,28.27,27.91,26.65,27.33,27.2,27.26,26.88,25.94,26.29,25.16,25.58,25.45,25.81,25.74,25.68,26.42,26.75,28.04,27.94,27.72,28.59,28.66,27.36,27.46,26.65,25.81,26.42,25.97,24.58,
124,AA,2000,DR,Materials,42.09,43.75,45.49,43.9,48.01,49.02,48.88,49.38,51.26,53.07,48.95,46.21,46.06,45.41,46.93,44.11,43.68,42.16,43.32,44.4,44.4,44.19,45.12,50.83,51.33,52.65,49.82,49.67,51.7,52.58,51.85,51.41,51.27,50.98,51.78,52.87,50.04,48.95,47.35,47.43,47.28,47.28,48.15,49.89,49.96,50.98,52.58,56.2,56.78,56.56,52.79,55.04,58.23,56.93,58.81,57.07,55.48,58.38,60.41,56.71,
125,HD,2000,DR,Consumer Discretionary,36.66,36.83,35.45,35.2,36.04,37.21,35.99,34.19,34.07,33.94,32.77,23.35,24.32,25.24,23.52,24.44,25.87,26.41,27.16,26.28,25.7,26.07,26.37,27.41,28.79,29.51,28.63,27.62,27.66,27.71,27.62,25.99,24.27,25.03,26.24,26.53,26.24,25.99,26.03,25.61,24.61,25.11,25.95,26.52,26.81,26.27,26.1,27.32,29.5,30.21,30.12,31.67,30.25,30.17,30.29,29.41,28.11,29.58,28.57,27.57,
126,INTC,2000,DR,Information Technology,28.14,28.5,26.66,25.74,25.86,26.94,26.3,25.62,25.05,24.09,22.69,23.81,25.9,22.89,23.21,24.49,26.9,27.62,27.78,26.94,26.5,28.66,29.74,28.86,28.86,28.78,29.94,29.48,29.88,29.64,27.39,26.55,23.74,24.5,26.27,26.63,25.67,26.63,26.39,27.35,26.43,28.19,28.19,26.97,27.43,24.42,21.9,21.13,23.1,20.37,20.73,21.82,24.02,23.42,22.78,22.54,20.81,21.34,21.46,20.49,
127,IBM,2000,DR,Information Technology,77.19,75.39,73.67,77.06,72.32,74.81,74.04,75.88,77.14,75.14,73.26,67.46,71.34,72.69,73.91,62.43,63.08,61.98,60.75,59.81,57.28,60.67,61.28,61.04,64.43,64.47,66.68,65.49,65.62,66.92,65.49,65.13,60.91,63.82,65.17,65.09,64.35,66.76,67.62,64.51,64.51,65.45,64.47,64.1,65.37,61.24,62.63,64.43,67.71,63.37,60.99,63.53,62.22,61.48,59.76,60.54,57.51,59.27,59.03,56.33,
128,JNJ,2000,DR,Health Care,28.41,27.89,28.06,27.84,27.63,26.98,27.8,27.58,27.28,28.27,28.68,28.98,28.62,28.96,29,28.16,27.41,27.45,27.35,27.39,28.06,27.82,27.71,28.19,27.52,27.19,26.85,27.39,27.5,27.52,27.91,27.95,28.21,27.8,28.27,28.38,28.14,28.61,28.93,29.4,29.03,28.59,29.29,30.12,30.15,30.08,29.4,29.95,29.93,28.91,29.19,28.99,28.76,29.18,29.68,29.85,29.65,29.65,29.83,30.27,
129,JPM,2000,DR,Financials,25.31,26.08,25.7,26.43,26.01,25.52,24.89,24.02,23.56,22.86,22.79,21.18,22.23,22.16,21.25,20.66,21.81,21.5,21.5,22.44,22.41,22.41,23.91,24.51,25.49,25.59,25.49,24.89,25.49,25.17,24.4,24.72,23.98,23.6,23.84,22.83,22.9,22.2,21.6,21.67,20.97,21.92,22.06,21.29,21.25,20.66,20.9,21.25,23.14,22.44,21.95,22.41,23.81,24.09,24.93,24.02,24.61,25.42,25.1,24.37,
130,MCD,2000,DR,Consumer Discretionary,17.96,17.96,18.15,18.07,18.18,18.03,18.11,17.96,18.07,17.99,18.03,17.06,17.36,17.43,16.83,16.87,16.76,16.98,17.51,17.51,17.43,17.39,17.88,18.75,18.63,19.01,19.2,19.46,19.23,19.08,19.01,19.08,19.87,20,20.23,20.15,19.78,20.23,20.27,20.53,20.72,20.38,19.32,18.91,19.66,19.28,18.72,19.02,18.45,17.92,18.3,17.85,18.11,18.68,18.83,19.1,19.06,19.55,19.89,18.98,
131,MRK,2000,DR,Health Care,34.61,34.73,35.35,35.14,35.14,34.94,35.77,36.12,35.77,36.51,36.33,36.66,36.18,36.51,37.13,37.13,36.84,38.88,40.25,40.58,41.47,41.17,41.79,42.12,42.71,42.62,42.33,41.73,42.74,41.26,43.13,42.95,43.45,42.45,43.25,43.51,42.83,42.03,42.92,43.69,43.07,42.48,43.51,43.99,45.06,44.02,43.04,43.66,42.74,42.7,43.41,42.7,43.2,43.56,43.86,43.38,43.08,42.58,43.62,44.51,
132,MSFT,2000,DR,Information Technology,19.45,19.67,19.35,18.97,18.15,17.78,17.76,17.82,17.38,17.5,17.88,17.44,17.24,16.16,16.18,16.6,19.85,20.91,19.93,19.73,19.65,20.67,21.71,22.16,22.1,22.34,22.56,21.89,22.3,22.62,22.28,22.74,21.61,21.31,22.08,22.48,22.12,22.16,21.55,21.73,21.89,22.44,22.68,21.49,20.87,18.41,18.17,18.11,19.21,18.19,17.04,17.46,18.63,18.73,18.37,17.8,15.78,15.34,14.38,13.31,
133,T,2000,DR,Communication Services,18.05,18.9,18.97,19.04,19,19.69,20.48,20.38,20.05,19.47,18.78,19.07,19.16,19.4,20.05,20.14,19.9,19.4,20.69,20.6,20.95,20.81,21.53,22.22,22.05,21.43,21.41,21.86,21.62,21.81,21.93,22.03,21.84,22.17,21.91,21.91,22.2,21.41,21.79,21.77,22.36,21.69,21.19,21.31,21.1,21,19.95,20.26,20.43,20.74,20.74,19.76,19.42,19.97,20.43,20.88,20.52,20.38,17.8,16.84,
134,PG,2000,DR,Consumer Staples,16.91,18.33,18.35,18.64,18.85,19.21,20,20.25,19.96,19.84,20.13,20.17,19.89,19.7,20.08,20.65,20.19,20.15,19.24,20.36,20.72,20.72,21.28,21.26,19.76,19.08,18.79,18.87,18.94,18.93,19.2,19.22,19.81,19.98,20.03,20.29,20.48,20.95,20.72,20.48,20.86,20.36,20.15,20.38,20.9,20.71,20.45,20.85,20.24,19.95,20.34,19.7,19.1,19.89,20.03,20.33,19.74,20.08,20.22,20.07,
135,C,2000,DR,Consumer Cyclical,425.37,444.61,449.81,460.73,473.21,455.53,466.97,445.13,437.85,424.33,411.85,388.97,414.45,422.77,410.81,412.37,426.93,423.81,419.65,430.05,421.21,407.69,418.09,429.01,437.85,430.05,441.61,448.89,456.69,455.65,441.61,438.49,428.6,420.28,422.36,417.68,430.16,425.35,410.92,408.84,391.67,393.75,394.79,396.35,411.44,414.56,407.28,397.91,422.36,414.04,414.04,428.6,440.05,437.97,441.09,422.36,399.99,410.92,418.2,399.47,
136,UTX,2000,DR,Industrials,21.49,22.33,21.67,21.31,22.06,22.04,22.72,22.49,21.88,22.43,22.33,21.24,21.76,22.5,21.76,21.35,19.99,20.3,19.83,20.2,19.99,20.77,21,21.51,21.8,21.43,21.47,20.96,21.8,21.26,21.14,21.22,20.67,20.63,21.02,21.08,21.56,21.81,21.69,22.01,22.07,22.62,21.99,21.5,21.81,22.26,22.16,22.81,23.85,23.7,23.68,23.52,22.72,23.11,22.52,22.38,22.38,23.21,23.5,23.05,
137,IP,2000,DR,Consumer Cyclical,14.48,14.94,14.97,14.61,15.46,16.44,15.59,15.55,15.29,14.8,15.55,14.67,14.32,14.41,13.99,15.65,16.01,15.78,15.49,16.99,16.7,17.61,17.35,18.78,19.01,18.82,18.49,19.3,19.01,19.24,19.27,18.95,18.82,18.88,18.52,18.78,17.9,17.45,17.32,17.35,17.38,17.71,17.71,18.17,18.6,17.81,19.06,19.62,19.58,19.12,18.7,19.45,19.78,19.75,19.95,19.85,19.65,19.88,20.77,19.78,
138,HPQ,2000,DR,Information Technology,12.38,12.41,11.6,11.22,11.18,11.44,10.55,10.43,10.87,10.7,10.23,10.01,10.84,11.08,10.82,10.23,10.87,11.48,11.76,11.06,10.38,10.28,10.43,10.96,11.12,10.63,10.78,11.06,10.99,11.35,10.93,10.27,9.36,8.16,8.85,8.45,8.39,8.52,8.27,8.12,8.06,8.51,8.54,8.3,8.27,7.56,7.7,7.89,8.37,7.65,7.47,8,7.92,8.43,7.94,8.01,7.56,7.49,7.53,7.32,
139,WMT,2000,DR,Consumer Staples,33.39,33.69,33.39,32.09,31.79,32,31.96,31.57,31.31,32.18,31.44,30.61,31.22,32.83,31.92,32.44,33.17,32.31,32.83,33.56,31.87,30.14,30.01,30.35,31.48,32.39,33.61,32.87,34,33.95,33.82,32.7,30.31,31.44,32.52,34,33.48,33.69,33.22,32.7,31.83,31.35,34.21,34,35.99,36.21,35.51,37.34,38.33,38.03,38.16,37.77,35.64,35.99,34.91,35.43,34.6,35.08,33.3,34,
140,DIS,2000,DR,Communication Services,29.04,30,29.57,30.53,30.39,30.82,31.89,31.45,31.65,31.98,31.16,30.15,30.73,29.57,27.39,27.44,27.01,28.12,27.97,27.97,26.91,27.15,26.52,26.96,27.68,28.31,28.84,29.42,28.84,28.7,28.5,24.06,24.49,23.53,23.92,24.59,23.87,23.34,23.09,22.71,22.47,23,23.14,23.09,22.27,22.37,23.19,22.76,23.72,24.47,23.84,24.08,23.64,23.6,23.16,22.57,22.87,22.82,22.67,21.07,
141,MMM,1996,DD,Industrials,16.54,16.57,16.57,16.57,16.48,16.66,16.66,16.72,16.6,16.66,16.66,16.81,17.11,16.96,16.87,17.14,17.14,17.23,17.02,16.99,17.05,16.93,17.67,17.88,18.18,17.91,18.15,18.06,17.94,18.3,18.95,18.98,19.01,19.31,19.34,19.16,19.42,19.31,19.57,19.57,19.93,20.05,20.38,20.41,20.14,20.05,20.14,19.99,19.99,19.9,19.84,19.63,20.05,20.29,19.99,19.3,19.6,19.48,19.3,19.51,
142,AXP,1996,DD,Financials,8.83,8.85,8.9,8.9,8.95,9.02,8.95,9.14,9.19,9.12,9.17,9.07,9.19,9.27,9.17,9.27,9.24,9.17,9.12,9.1,9.12,9.14,9.12,9.12,8.95,9.05,9.19,9.19,9.29,9.46,9.49,9.46,9.58,9.78,9.85,9.83,9.93,9.95,9.95,9.93,9.93,9.88,10.15,10.27,10.37,10.27,10.22,10.15,9.93,10.1,10.1,10.07,10.17,10.73,10.46,10.54,10.46,10.44,10.37,10.49,
143,CVX,1996,DD,Energy,10.66,10.57,10.57,10.75,10.81,11.05,11,11.07,11.22,11.33,11.22,11.2,11.26,11.48,11.3,11.45,11.48,11.56,11.54,11.63,11.56,11.41,11.52,11.33,11.48,11.37,11.28,11.18,11.15,11.05,11.22,11.28,11.37,11.35,11.4,11.4,11.51,11.45,11.49,11.78,11.73,11.69,11.75,11.82,11.88,11.62,11.69,11.69,11.43,11.36,11.47,11.23,11.23,11.1,10.97,10.69,10.82,11.01,11.03,11.19,
144,BA,1996,DD,Industrials,28.91,29.1,28.95,28.84,29.06,29.41,29.6,29.87,30.09,29.9,29.75,29.79,29.87,29.94,29.94,29.68,29.9,29.98,30.13,30.02,29.6,29.14,28.72,28.57,28.53,28.76,29.1,28.03,28.3,28.26,27.92,28.34,28.65,28.38,28,28.13,28.36,28.17,28.63,28.86,29.59,29.93,30.28,30.28,30.47,30.59,30.51,29.93,29.59,29.67,29.59,29.36,29.59,29.32,29.28,29.55,29.7,30.93,31.01,31.16,
145,CAT,1996,DD,Industrials,7.76,7.71,7.69,7.83,7.66,7.7,7.67,7.63,7.57,7.5,7.46,7.48,7.61,7.7,7.92,7.76,7.89,7.87,7.85,7.76,7.64,7.6,7.47,7.35,7.35,7.3,7.28,7.38,7.52,7.59,7.69,7.8,7.8,7.77,7.83,8,7.93,7.8,7.81,7.85,8.36,8.23,8.49,8.5,8.29,8.45,8.4,8.38,8.23,8.17,8.25,8.17,8.23,8.36,8.17,8.12,8.08,7.93,7.84,7.88,
146,MO,1996,DD,Consumer Discretionary,1.97,1.96,1.96,1.95,1.99,2.01,1.98,2.01,2.03,2.03,2.01,2.02,2.03,2.03,2.04,2.08,2.11,2,2.03,2.01,2.02,1.99,2.01,2.02,2.03,2.01,2.01,2.02,2.02,2.03,2.11,2.14,2.12,2.16,2.15,2.16,2.23,2.19,2.2,2.21,2.21,2.21,2.22,2.29,2.27,2.25,2.24,2.24,2.24,2.27,2.34,2.37,2.48,2.53,2.58,2.55,2.5,2.44,2.45,2.5,
147,KO,1996,DD,Consumer Staples,10.28,10.33,10.18,10.21,10.06,9.98,9.81,10.03,10.08,10.03,9.98,9.83,9.98,9.91,9.78,9.73,9.88,10.03,9.98,10.06,10.08,10.08,10.01,9.96,9.98,10.11,10.13,10.08,10.18,10.33,10.44,10.51,10.56,10.44,10.31,10.44,10.46,10.59,10.49,10.38,10.36,10.16,10.18,10.31,10.33,10.33,10.31,10.26,10.03,10.01,9.93,9.88,10.13,10.01,9.93,9.65,9.65,9.7,9.81,9.76,
148,DD,1996,DD,Materials,17.92,18.14,18.05,17.91,17.91,18.05,18.08,17.97,17.94,18,17.91,17.77,17.63,17.47,17.52,17.69,17.72,17.58,17.47,17.33,17.41,17.55,17.49,17.47,17.47,17.33,17.36,17.49,17.52,17.63,17.8,17.89,17.91,17.89,18.3,18.75,18.92,18.78,18.78,18.64,18.58,18.47,18.42,18.81,18.69,18.75,18.69,18.75,18.5,18.42,18.39,18.25,18.25,18.39,18.14,18,17.75,17.66,17.61,17.52,
149,GE,1996,DD,Industrials,6.27,6.4,6.48,6.44,6.41,6.5,6.5,6.62,6.66,6.61,6.57,6.51,6.68,6.72,6.74,6.72,6.73,6.73,6.78,6.77,6.83,6.8,6.78,6.72,6.79,6.79,6.85,6.84,6.89,6.99,7.19,7.27,7.23,7.22,7.21,7.33,7.43,7.38,7.32,7.29,7.27,7.19,7.15,7.34,7.22,7.25,7.36,7.31,7.02,7,6.91,6.93,6.97,6.94,6.86,6.85,6.85,6.73,6.91,7.02,
150,AA,1996,DD,Materials,25.14,25.07,24.89,25.07,25.53,25.7,25.6,25.5,24.75,23.9,23.61,24.68,24.75,24.75,24.89,24.85,25.31,25.24,25.21,24.78,24.65,25.31,25.28,25.21,25.6,25.28,24.96,25.31,25.21,25.45,25.45,25.45,25.64,25.42,26.13,26.07,26.24,26.2,26.49,26.27,27.06,26.6,26.6,26.99,27.02,27.02,27.09,27.13,26.95,26.63,27.45,26.73,26.95,27.48,27.09,27.16,26.92,26.53,26.17,25.88,
151,S,1996,DD,Consumer Cyclical,12.96,12.88,12.64,12.64,12.88,12.76,12.64,12.68,12.92,12.84,12.84,12.8,12.8,12.96,13.09,12.96,12.72,12.6,12.76,12.76,12.8,12.52,12.56,12.64,12.76,12.64,12.76,14.14,13.62,13.29,13.09,13.49,13.53,13.49,13.53,13.66,13.9,13.62,13.62,13.53,13.09,13.13,13.13,13.49,13.53,13.53,13.62,13.7,13.29,13,12.96,12.88,12.96,12.92,12.72,12.55,12.59,12.72,12.43,12.59,
152,IBM,1996,DD,Information Technology,19.44,19.11,19.17,19.13,19.01,19.34,19.21,19.46,19.65,19.72,19.4,19.63,19.95,19.97,19.9,19.61,19.3,19.88,19.99,19.51,19.86,19.57,19.44,19.57,19.3,19.42,19.82,19.59,19.78,20.01,20.72,20.77,20.87,20.89,20.7,20.93,21.26,22.52,22.79,23.94,23.7,23.94,24.62,24.48,24.54,24.56,24.75,25.32,25.26,25.16,24.62,24.17,24.85,24.5,24.25,23.55,23.74,23.08,23.59,24.64,
153,JPM,1996,DD,Financials,12.01,12.13,12.13,12.05,12.46,12.49,12.51,12.65,12.67,12.57,12.45,12.53,12.61,12.76,12.76,12.57,12.67,12.74,12.84,12.72,12.8,12.9,12.94,12.86,13.07,13.21,13.27,13.25,13.38,13.69,13.77,13.86,13.88,13.73,13.57,13.42,13.73,13.69,13.85,14.31,14.27,14.04,14.15,14.75,14.56,14.54,14.62,14.41,14.08,14.02,13.75,13.85,13.9,13.9,13.71,13.44,13.23,13.17,13.56,13.52,
154,MCD,1996,DD,Consumer Discretionary,13.79,13.82,13.93,13.79,13.82,13.68,13.53,13.5,13.57,13.42,13.42,13.28,13.39,13.57,13.53,13.28,13.46,13.42,12.99,13.02,13.02,12.95,12.99,12.8,12.91,12.95,12.95,13.21,13.13,13.24,13.64,13.64,13.68,13.71,13.71,13.71,14.11,14.04,14.08,14.19,14.11,14.08,13.93,13.82,13.68,13.47,13.65,13.5,13.36,13.54,14.05,13.69,14.05,13.87,13.65,13.32,13.43,13.32,13.28,13.28,
155,MRK,1996,DD,Health Care,14.72,15.12,15.01,15.04,15.17,15.06,15.22,15.22,15.04,15.28,15.06,14.88,14.93,15.3,15.22,15.38,16,16.1,16.02,16.16,16.21,16.05,15.65,15.57,15.78,15.68,15.78,15.81,16.1,16.13,16.88,16.93,17.2,17.31,17.01,17.07,17.39,17.52,17.44,17.47,17.63,17.49,17.68,18,17.87,17.89,17.73,17.57,17.31,17.25,17.1,16.86,17.34,17.18,17.07,16.45,16.67,16.37,16.45,16.59,
156,GT,1996,DD,Consumer Cyclical,34.1,34.37,33.92,33.29,33.11,33.29,33.02,33.11,33.02,32.48,32.3,31.76,32.66,33.02,32.48,32.66,32.93,32.84,33.56,33.47,33.29,33.2,33.2,33.2,33.11,33.02,33.11,33.11,33.47,33.74,33.92,34.01,34.55,34.73,34.46,34.4,34.96,36.15,35.7,35.51,35.79,36.06,36.06,36.24,35.6,35.51,35.42,36.15,35.88,35.6,35.79,35.7,35.97,36.61,36.33,35.97,35.97,35.79,36.43,36.15,
157,T,1996,DD,Communication Services,7.8,7.72,7.72,7.8,7.82,8.1,8.04,8.06,8.16,8.18,8.12,8.02,8.08,8.1,8.02,8.31,8.29,8.39,8.43,8.41,8.39,8.31,8.27,8.29,8.27,8.18,8.16,8.14,8.06,8.18,8.23,8.2,8.18,8.18,8.23,8.16,8.2,8.25,8.29,8.27,8.43,8.6,8.64,8.73,8.73,8.81,8.83,8.92,8.69,8.71,8.71,8.58,8.58,8.56,8.37,8.35,8.35,8.41,8.25,8.14,
158,PG,1996,DD,Consumer Staples,11.31,11.37,11.42,11.51,11.54,11.48,11.58,11.79,11.67,11.49,11.39,11.25,11.17,11.27,11.48,11.54,11.72,11.92,11.63,11.68,11.57,11.3,11.3,11.45,11.77,11.75,11.9,11.9,12.07,12.26,12.64,12.58,12.67,12.49,12.58,12.71,12.79,12.88,12.94,12.97,13.12,13.11,13.14,13.33,13.15,13.11,13.08,13.06,12.59,12.55,12.41,12.46,12.82,12.76,12.79,12.58,12.64,12.65,12.64,12.52,
159,UTX,1996,DD,Industrials,7.61,7.58,7.58,7.59,7.59,7.61,7.61,7.69,7.66,7.73,7.73,7.67,7.69,7.75,7.71,7.82,7.91,8.03,8,7.91,7.79,8.05,8.13,8.01,7.94,8.03,8.12,8.17,8.21,8.21,8.26,8.3,8.36,8.45,8.47,8.39,8.32,8.32,8.31,8.4,8.7,8.76,8.8,9.03,9,9.11,9.15,9.13,8.9,8.76,8.76,8.62,8.6,8.67,8.56,8.28,8.38,8.35,8.45,8.4,
160,IP,1996,DD,Consumer Cyclical,20.17,19.99,19.87,20.29,20.47,20.17,20.35,20.53,20.35,19.87,20.23,20.29,20.35,20.47,20.05,20.17,20.11,20.23,20.41,20.35,20.47,20.41,20.59,20.59,20.65,20.29,20.35,20.83,20.53,20.41,20.23,20.29,19.99,20.53,20.29,20.35,20.23,20.35,20.23,20.77,20.65,20.65,20.65,20.59,20.35,19.99,20.41,20.35,19.81,19.87,20.35,19.99,19.63,19.81,19.51,19.15,19.09,18.91,18.85,19.03,
161,FL,1996,DD,Consumer Cyclical,13.35,13.19,13.19,13.19,13.43,13.59,13.59,13.67,13.75,13.75,13.43,13.35,13.35,13.43,13.59,13.75,14.07,13.99,14.07,14.07,13.75,13.91,13.83,13.91,13.75,13.43,13.43,13.51,13.35,13.35,13.75,14.07,13.99,14.55,15.51,15.35,15.35,15.43,15.83,15.51,15.35,15.35,15.35,15.35,15.19,15.19,15.35,15.35,15.27,15.27,14.95,14.95,15.19,15.11,14.95,15.03,14.87,14.15,13.91,14.07,
162,DIS,1996,DD,Communication Services,15.37,15.22,15.47,15.53,15.34,15.44,15.5,15.74,15.74,15.62,15.67,15.7,15.79,15.83,15.89,16.16,16.01,16.04,16.2,16.44,16.32,16.13,16.35,16.38,16.23,16.2,16.26,16.16,16.5,16.69,16.72,17.03,16.91,17.37,17.49,17.43,17.43,17.83,17.61,17.52,17.71,17.83,17.8,18.14,18.76,18.23,18.23,18.23,17.74,17.77,17.74,17.65,18.05,18.08,17.8,17.34,17.34,17.12,17.49,17.65,
163,MMM,1992,RD,Industrials,8.16,8.2,8.14,8.22,8.27,8.28,8.15,8.1,8.02,7.95,7.88,8.05,7.91,8.03,7.97,7.97,8.03,7.99,7.96,8,8.06,8.18,8.33,8.46,8.32,8.38,8.35,8.31,8.47,8.39,8.32,8.44,8.47,8.48,8.48,8.42,8.33,8.35,8.4,8.34,8.33,8.38,8.33,8.38,8.48,8.54,8.64,8.5,8.51,8.45,8.47,8.44,8.5,8.58,8.67,8.7,8.63,8.62,8.7,8.56,
164,AXP,1992,RD,Financials,2.42,2.44,2.4,2.49,2.48,2.49,2.46,2.42,2.39,2.38,2.38,2.36,2.34,2.32,2.32,2.32,2.34,2.28,2.35,2.39,2.34,2.34,2.32,2.34,2.34,2.38,2.39,2.44,2.44,2.42,2.36,2.39,2.36,2.41,2.45,2.45,2.48,2.46,2.46,2.48,2.56,2.53,2.55,2.52,2.58,2.65,2.63,2.61,2.56,2.59,2.63,2.66,2.82,2.76,2.78,2.81,2.76,2.79,2.78,2.83,
165,CVX,1992,RD,Energy,3.97,3.98,3.93,4.02,3.97,3.95,3.96,3.94,3.88,3.86,3.9,3.93,3.87,3.93,3.92,3.91,3.92,3.91,3.91,3.89,3.88,3.91,3.9,3.9,3.92,3.92,3.89,3.79,3.78,3.82,3.78,3.74,3.73,3.76,3.8,3.79,3.82,3.83,3.83,3.82,3.86,3.91,3.9,3.85,3.85,3.87,3.85,3.85,3.82,3.78,3.78,3.8,3.83,3.87,3.88,3.92,3.85,3.86,3.87,3.87,
166,BA,1992,RD,Industrials,9.04,9.23,9.17,9.17,9.23,9.49,9.39,9.29,9.49,9.55,9.36,9.36,9.39,9.46,9.65,9.55,9.62,9.55,9.52,9.55,9.65,9.62,9.49,9.23,9.42,9.33,9.33,9.29,9.55,9.39,9.46,9.36,9.39,9.46,9.36,9.2,9.23,9.23,9.2,9.03,9.03,8.84,8.97,9.16,9.06,8.87,9.13,9.2,9.16,8.9,9.03,9.03,9.13,9.06,9.06,8.97,9,9.06,9.1,9.1,
167,CAT,1992,RD,Industrials,1.9,1.94,1.95,2,1.96,1.96,1.93,1.86,1.84,1.85,1.83,1.83,1.83,1.86,1.91,1.93,1.94,1.92,1.98,2.05,2.03,2.05,2.01,2,2,2.01,1.99,2.01,2.03,2.07,2.06,2.1,2.11,2.1,2.07,2.05,2.06,2.04,2.03,2.04,2.05,2.05,2.06,2.04,2.07,2.07,2.08,2.18,2.18,2.08,2.04,2.04,2.04,2.07,2.08,2.07,2.05,2.03,2.05,2.03,
168,MO,1992,RD,Consumer Discretionary,1.03,1.04,1.03,1.03,1.03,1.03,1.02,1.01,1,1,0.99,1,0.99,1,1.02,1.02,0.96,0.93,0.93,0.94,0.95,0.93,0.9,0.91,0.92,0.93,0.94,0.92,0.93,0.93,0.91,0.95,0.94,0.93,0.93,0.94,0.96,0.96,0.96,0.97,0.97,0.98,0.96,0.96,0.96,0.96,0.96,0.96,0.98,0.98,0.98,0.99,0.99,0.99,1,0.99,0.98,0.97,0.96,0.94,
169,KO,1992,RD,Consumer Staples,3.26,3.31,3.29,3.3,3.26,3.24,3.2,3.14,3.15,3.1,3,3.01,2.96,2.95,3.03,3.08,3.14,3.23,3.29,3.26,3.24,3.24,3.2,3.26,3.31,3.31,3.32,3.25,3.32,3.26,3.22,3.27,3.27,3.29,3.27,3.35,3.28,3.32,3.27,3.26,3.26,3.26,3.27,3.26,3.28,3.29,3.27,3.22,3.21,3.2,3.2,3.21,3.24,3.25,3.23,3.22,3.23,3.2,3.29,3.29,
170,DD,1992,RD,Materials,8.72,8.88,8.82,9,9,8.86,8.8,8.5,8.5,8.48,8.52,8.7,8.44,8.58,8.56,8.33,8.35,8.52,8.58,8.48,8.56,8.64,8.58,8.68,8.82,8.86,8.86,8.82,8.84,8.76,8.64,8.66,8.58,8.62,8.52,8.43,8.46,8.39,8.37,8.25,8.35,8.33,8.33,8.29,8.39,8.35,8.41,8.41,8.66,8.78,8.72,8.7,8.72,8.94,9,8.88,8.88,8.76,8.86,9,
171,GE,1992,RD,Industrials,1.04,1.05,1.05,1.06,1.05,1.05,1.05,1.02,1.01,1,0.99,1.01,1.01,1.01,1,1.01,1.01,1.02,1.03,1.03,1.02,1.03,1.02,1.03,1.03,1.04,1.04,1.03,1.05,1.05,1.05,1.05,1.04,1.05,1.04,1.05,1.06,1.06,1.05,1.05,1.06,1.05,1.07,1.1,1.11,1.11,1.11,1.12,1.22,1.23,1.21,1.22,1.23,1.24,1.24,1.24,1.24,1.23,1.25,1.24,
172,AA,1992,RD,Materials,13.15,13.23,12.99,13.03,12.82,12.97,12.81,12.61,12.56,12.63,12.58,12.58,12.56,12.66,12.94,12.78,12.58,12.94,13.14,13.15,13.25,13.41,13.4,13.54,13.33,13.64,13.72,13.62,13.67,13.69,13.65,13.52,13.52,13.46,13.29,13.28,13.32,13.08,12.7,12.64,12.85,12.88,13.08,13.08,13.28,13.43,13.49,13.82,14,13.87,13.8,13.82,13.82,13.9,14.31,14.21,14.11,14,14.02,14,
173,S,1992,RD,Consumer Cyclical,6.41,6.65,6.69,6.76,6.79,6.79,6.76,6.69,6.76,6.83,6.76,6.76,6.62,6.76,6.97,6.9,6.79,6.83,7,6.9,6.9,6.9,7,7,7,7.17,7.21,7.14,7.04,7.07,7.28,7.21,7.14,7.24,7.28,7.14,7.17,7.21,7.21,7.14,7.14,7.14,7.14,7.21,7.17,7.35,7.31,7.35,7.31,7.28,7.07,6.89,7.1,7.28,7.21,7,7.1,7.14,7.1,7.1,
174,IBM,1992,RD,Information Technology,9.07,8.95,8.92,8.98,8.79,8.76,8.69,8.52,8.56,8.65,8.5,8.61,8.52,8.52,8.54,8.46,7.91,7.68,7.43,7.42,7.43,7.43,7.5,7.32,7.13,7.28,7.16,7.26,7.47,7.5,7.41,7.69,7.74,7.88,7.69,7.59,7.49,7.58,7.58,7.5,7.37,7.15,7.27,7.39,7.58,7.63,7.71,7.97,7.91,7.93,7.85,7.82,7.69,7.63,7.31,7.21,7.28,7.34,6.55,6.06,
175,JPM,1992,RD,Financials,2.92,2.92,2.98,3.04,3.05,3.18,3.2,3.12,3.1,3.11,3.09,3.04,3.03,3.1,3.09,3.1,3.05,3.06,3.27,3.27,3.28,3.31,3.33,3.45,3.39,3.39,3.39,3.36,3.42,3.39,3.4,3.43,3.44,3.48,3.5,3.54,3.56,3.58,3.56,3.51,3.5,3.49,3.48,3.55,3.55,3.65,3.67,3.66,3.59,3.59,3.61,3.65,3.61,3.64,3.56,3.48,3.53,3.54,3.58,3.55,
176,MCD,1992,RD,Consumer Discretionary,5.93,5.97,5.88,5.95,5.93,5.92,5.92,5.85,5.72,5.72,5.65,5.77,5.73,5.8,5.77,5.73,5.67,5.67,5.67,5.72,5.68,5.72,5.73,5.92,6.1,6.08,6.15,6.12,6.13,6.17,6.07,6.1,6.15,6.08,6.12,6.27,6.22,6.18,6.3,6.38,6.38,6.5,6.43,6.47,6.57,6.47,6.59,6.59,6.59,6.59,6.59,6.57,6.61,6.67,6.59,6.61,6.57,6.5,6.42,6.37,
177,MRK,1992,RD,Health Care,7.97,7.78,7.46,7.37,7.5,7.59,7.52,7.33,7.31,7.23,7.23,7.2,7.01,7.12,7.27,7.42,7.48,7.25,7.55,7.18,7.16,7.12,7.01,7.33,7.35,7.42,7.4,7.48,7.61,7.5,7.33,7.2,7.18,7.18,7.31,7.65,7.8,7.76,7.76,7.82,7.93,7.89,7.86,7.74,7.69,7.74,7.8,7.69,7.8,7.87,7.91,7.89,8.02,8.06,8.21,8.12,8.19,8.17,8.06,8.02,
178,GT,1992,RD,Consumer Cyclical,20.75,20.63,19.71,19.5,19.83,20.38,20.88,20.38,20.08,20.29,20.08,20.17,20.08,20.71,20.92,21.04,20.96,21,21.21,21.25,21.42,21.96,22.59,23.26,23.3,23.17,23.34,23.05,23.34,23.01,22.63,22.92,23.17,23.3,23.21,23.38,23.34,23.42,23,23,22.84,23,23.8,23.05,23.13,23.13,23.38,24.09,24.56,24.35,24.09,24.09,23.68,23.97,23.68,23.21,23.17,23.26,23.38,22.29,
179,T,1992,RD,Communication Services,3.69,3.73,3.75,3.78,3.82,3.88,3.88,3.84,3.95,3.92,3.88,3.91,3.94,4.05,4.07,4.06,4.05,4.07,4.13,4.09,3.97,3.88,3.88,3.93,3.94,3.96,3.97,3.95,4,3.93,3.95,3.89,3.82,3.78,3.79,3.79,3.81,3.82,3.85,3.89,3.98,4.06,4.08,4.08,4.12,4.17,4.14,4.11,4.11,4.11,4.18,4.14,4.2,4.25,4.21,4.2,4.21,4.2,4.2,4.22,
180,PG,1992,RD,Consumer Staples,4.04,4.06,4,4.03,4.04,4.09,4.09,4.03,4.09,4.11,4.06,4.13,4.08,4.11,4.18,4.21,4.2,4.22,4.37,4.32,4.35,4.39,4.31,4.53,4.48,4.44,4.45,4.47,4.48,4.49,4.41,4.5,4.5,4.45,4.46,4.61,4.61,4.55,4.58,4.53,4.57,4.62,4.59,4.56,4.62,4.61,4.6,4.59,4.55,4.51,4.54,4.5,4.54,4.48,4.53,4.49,4.43,4.42,4.41,4.41,
181,UTX,1992,RD,Industrials,1.19,1.18,1.17,1.18,1.17,1.2,1.2,1.17,1.15,1.14,1.14,1.13,1.13,1.16,1.17,1.15,1.13,1.16,1.16,1.14,1.11,1.11,1.1,1.1,1.1,1.12,1.11,1.12,1.12,1.12,1.11,1.11,1.11,1.11,1.1,1.1,1.08,1.09,1.13,1.12,1.13,1.12,1.13,1.14,1.15,1.17,1.19,1.19,1.18,1.19,1.19,1.2,1.22,1.22,1.25,1.27,1.24,1.25,1.25,1.23,
182,IP,1992,RD,Consumer Cyclical,13.05,13.27,13.05,13.05,12.85,12.82,12.47,12.19,12.14,12.37,12.04,12.27,12.17,12.34,12.62,12.27,12.34,12.72,12.8,12.85,12.85,12.82,12.85,12.9,12.9,13.05,13,13,13.2,13.32,13.02,13.22,13.2,13,12.67,12.62,12.72,12.65,12.69,12.49,12.64,12.59,12.46,12.41,12.69,12.82,13.15,13.28,12.97,13.25,13.15,12.95,12.92,13.07,13.28,13.58,13.61,13.58,13.45,13.3,
183,FL,1992,RD,Consumer Cyclical,17.9,17.9,17.76,18.12,18.26,18.55,18.26,18.26,18.12,18.12,18.19,18.26,18.26,18.26,18.62,18.48,18.41,18.62,18.62,18.55,18.55,18.62,18.62,18.48,18.57,18.71,19.29,18.86,19.07,19.07,19.29,19.43,19.58,19.14,18.86,19.36,18.86,19,18.64,18.49,18.71,18.78,19.22,19.43,19.87,19.94,20.01,19.79,19.22,18.57,18.78,19.07,19.22,19.07,18.93,18.49,18.71,18.78,18.93,18.64,
184,DIS,1992,RD,Communication Services,8.31,8.22,8.25,8.28,8.28,8.22,8.05,7.91,7.95,7.86,7.8,8,7.8,8.06,8.23,8.09,8.12,8.2,8.26,8.2,8.26,8.37,8.77,8.89,9.06,9.17,9.03,8.97,9.11,9.03,9.11,9.11,9.14,9.31,9.51,9.48,9.37,9.28,9.17,9.28,9.17,9.31,9.46,9.34,9.51,9.34,9.37,9.61,9.2,9.2,9.14,9.28,9.37,9.43,9.31,9.23,9.11,9.23,9.2,9.17,
185,MMM,1988,RR,Industrials,2.92,2.96,2.94,2.93,2.86,2.81,2.81,2.84,2.86,2.86,2.84,2.8,2.82,2.84,2.92,2.86,2.87,2.88,2.88,2.88,2.86,2.81,2.81,2.77,2.77,2.76,2.77,2.74,2.76,2.74,2.76,2.77,2.72,2.72,2.73,2.71,2.72,2.8,2.79,2.79,2.8,2.78,2.79,2.86,2.86,2.83,2.86,2.9,2.93,2.95,2.92,2.92,2.92,2.96,2.95,2.92,2.95,2.96,2.98,2.98,
186,AXP,1988,RR,Financials,1.75,1.8,1.76,1.81,1.8,1.81,1.81,1.85,1.93,1.87,1.82,1.83,1.84,1.85,1.86,1.85,1.92,1.88,1.85,1.84,1.81,1.79,1.79,1.75,1.77,1.77,1.77,1.76,1.73,1.76,1.75,1.76,1.7,1.72,1.76,1.69,1.74,1.74,1.73,1.71,1.72,1.69,1.7,1.73,1.74,1.73,1.73,1.77,1.83,1.81,1.77,1.78,1.77,1.81,1.75,1.74,1.74,1.77,1.74,1.72,
187,CVX,1988,RR,Energy,1.08,1.09,1.08,1.08,1.06,1.08,1.09,1.13,1.11,1.14,1.14,1.14,1.16,1.17,1.17,1.16,1.17,1.17,1.15,1.17,1.17,1.15,1.16,1.16,1.21,1.2,1.21,1.18,1.18,1.19,1.18,1.18,1.15,1.15,1.15,1.14,1.15,1.15,1.14,1.17,1.16,1.19,1.19,1.2,1.2,1.19,1.18,1.17,1.19,1.21,1.21,1.21,1.21,1.2,1.21,1.21,1.21,1.23,1.23,1.23,
188,BA,1988,RR,Industrials,6,6.13,6.18,6.11,6.14,6.19,6.18,6.33,6.37,6.36,6.21,6.2,6.26,6.31,6.46,6.4,6.5,6.46,6.41,6.35,6.32,6.25,6.24,6.25,6.25,6.14,6.26,6.26,6.22,6.24,6.19,6.16,6.01,5.96,6.01,5.94,6.04,6.07,6.04,6.04,6.12,6.05,5.94,6.02,6.05,6.02,6.08,6.26,6.21,6.16,6.12,6.12,6.05,6.01,6.01,6,5.96,5.96,5.87,5.71,
189,MO,1988,RR,Consumer Discretionary,0.14,0.14,0.14,0.14,0.14,0.14,0.14,0.14,0.14,0.14,0.14,0.14,0.14,0.14,0.14,0.13,0.14,0.14,0.14,0.14,0.14,0.13,0.13,0.14,0.13,0.14,0.14,0.13,0.13,0.13,0.13,0.13,0.13,0.13,0.13,0.13,0.13,0.13,0.13,0.13,0.14,0.14,0.14,0.14,0.14,0.14,0.14,0.14,0.14,0.14,0.14,0.16,0.16,0.16,0.16,0.16,0.16,0.16,0.16,0.16,
190,KO,1988,RR,Consumer Staples,0.36,0.36,0.36,0.36,0.35,0.35,0.35,0.36,0.36,0.36,0.35,0.35,0.35,0.35,0.35,0.35,0.36,0.37,0.36,0.37,0.36,0.35,0.35,0.36,0.36,0.36,0.36,0.36,0.35,0.35,0.35,0.35,0.34,0.34,0.35,0.34,0.34,0.35,0.35,0.35,0.35,0.39,0.39,0.4,0.4,0.4,0.4,0.41,0.41,0.41,0.41,0.41,0.41,0.41,0.41,0.41,0.41,0.42,0.41,0.41,
191,DD,1988,RR,Materials,6.2,6.31,6.25,6.31,6.38,6.38,6.43,6.52,6.55,6.58,6.44,6.49,6.43,6.49,6.58,6.58,6.68,6.68,6.58,6.58,6.57,6.47,6.48,6.42,6.35,6.28,6.21,6.29,6.22,6.19,6.14,6.14,6,6.04,6.07,5.91,5.94,5.96,5.98,6.05,6.06,6,6,6.05,6.14,6.14,6.05,6.19,6.24,6.16,6.13,6.13,6.14,6.11,6.08,6.05,6.12,6.18,6.16,6.15,
192,GE,1988,RR,Industrials,0.11,0.12,0.12,0.11,0.11,0.11,0.11,0.12,0.12,0.12,0.11,0.11,0.12,0.12,0.12,0.12,0.12,0.12,0.12,0.12,0.12,0.12,0.12,0.12,0.12,0.12,0.12,0.12,0.12,0.12,0.12,0.12,0.12,0.12,0.12,0.11,0.12,0.12,0.12,0.12,0.12,0.12,0.12,0.12,0.12,0.12,0.13,0.13,0.14,0.14,0.14,0.14,0.14,0.14,0.13,0.13,0.13,0.14,0.14,0.14,
193,AA,1988,RR,Materials,8.69,8.84,8.86,8.84,8.98,9.19,9.32,9.38,9.37,9.49,9.33,9.29,9.32,9.29,9.3,9.16,9.2,9.32,9.29,9.46,9.37,9.5,9.54,9.42,9.2,9.27,9.43,9.2,9.23,9.22,9.08,9.02,8.74,8.74,8.69,8.67,8.69,8.75,8.71,8.89,9.19,8.93,8.86,8.88,9.01,8.88,8.72,8.88,9.01,8.89,8.89,8.93,8.92,9.01,8.89,9.02,9.05,9.25,9.37,9.22,
194,S,1988,RR,Consumer Cyclical,4.94,5,5.12,5.12,5.04,5.15,5.13,5.3,5.25,5.19,5.04,5.04,5.13,5.1,5.25,5.3,5.24,5.15,5.12,5.12,5.18,5.13,5.09,5.07,4.97,5.04,5.07,5.07,5.04,5.1,5.07,5.03,5,4.88,4.88,4.8,4.85,4.91,4.92,4.89,5.13,5.06,5.13,5.24,5.3,5.36,5.33,5.37,5.36,5.33,5.53,5.54,5.53,5.46,5.48,5.48,5.48,5.53,5.59,5.66,
195,IBM,1988,RR,Information Technology,5.87,5.95,5.95,5.92,5.9,5.87,5.88,5.98,5.99,6.12,6.06,6.12,6.17,6.24,6.41,6.31,6.44,6.41,6.35,6.33,6.27,6.2,6.23,6.32,6.39,6.33,6.3,6.43,6.37,6.4,6.41,6.4,6.24,6.26,6.28,6.18,6.18,6.19,6.18,6.26,6.31,6.2,6.36,6.38,6.34,6.32,6.38,6.46,6.53,6.47,6.38,6.44,6.44,6.46,6.44,6.47,6.48,6.56,6.59,6.58,
196,NAV,1988,RR,Industrials,51.23,52.48,53.73,52.48,53.73,53.73,54.98,56.23,56.23,56.23,54.98,54.98,53.73,53.73,53.73,51.23,56.23,56.23,53.73,53.73,53.73,53.73,53.73,52.48,53.73,53.73,52.48,52.48,51.23,51.23,49.98,51.23,49.98,49.98,51.23,48.73,48.73,51.23,51.23,51.23,49.98,49.98,48.73,48.73,48.73,49.98,51.23,51.23,51.23,51.23,49.98,49.98,51.23,51.23,49.98,49.98,49.98,49.98,49.98,49.98,
197,MCD,1988,RR,Consumer Discretionary,2.55,2.6,2.58,2.56,2.57,2.62,2.63,2.69,2.77,2.73,2.64,2.64,2.64,2.65,2.69,2.65,2.73,2.63,2.61,2.61,2.58,2.56,2.58,2.58,2.64,2.63,2.61,2.55,2.48,2.51,2.5,2.54,2.49,2.51,2.52,2.45,2.49,2.51,2.5,2.53,2.61,2.59,2.58,2.59,2.6,2.59,2.59,2.61,2.64,2.65,2.66,2.66,2.63,2.63,2.63,2.66,2.66,2.68,2.65,2.66,
198,MRK,1988,RR,Health Care,2.74,2.78,2.74,2.72,2.73,2.74,2.77,2.83,2.82,2.81,2.74,2.77,2.79,2.77,2.76,2.74,2.75,2.76,2.76,2.76,2.75,2.73,2.71,2.72,2.72,2.8,2.8,2.76,2.73,2.74,2.73,2.71,2.66,2.63,2.62,2.55,2.61,2.65,2.65,2.64,2.65,2.61,2.62,2.68,2.72,2.73,2.73,2.75,2.79,2.79,2.76,2.79,2.75,2.77,2.77,2.74,2.77,2.79,2.78,2.76,
199,GT,1988,RR,Consumer Cyclical,16.52,16.71,16.89,16.67,16.67,15.61,15.72,16.01,15.94,15.83,15.72,15.65,15.36,14.99,15.07,14.96,14.74,14.67,14.85,15.32,15.36,15.18,15.07,15.1,15.07,15.14,15.14,15.1,14.96,14.74,14.61,14.47,14.17,14.28,14.36,14.32,14.1,14.14,14.14,14.1,14.06,13.92,13.84,14.06,14.06,14.1,14.03,14.17,14.14,14.1,13.99,13.99,13.99,13.95,14.03,14.17,14.32,14.25,14.21,14.54,
200,T,1988,RR,Communication Services,0.98,1,1,1,1.04,1.05,1.05,1.08,1.07,1.07,1.05,1.06,1.06,1.07,1.07,1.07,1.08,1.09,1.1,1.1,1.1,1.09,1.08,1.09,1.09,1.09,1.09,1.07,1.06,1.05,1.05,1.06,1.05,1.04,1.05,1.04,1.05,1.05,1.05,1.05,1.06,1.05,1.05,1.06,1.09,1.07,1.06,1.07,1.1,1.1,1.11,1.1,1.11,1.1,1.09,1.09,1.09,1.1,1.08,1.08,
201,PG,1988,RR,Consumer Staples,0.48,0.49,0.5,0.49,0.49,0.49,0.49,0.5,0.5,0.51,0.5,0.51,0.51,0.58,0.59,0.59,0.59,0.61,0.6,0.6,0.6,0.59,0.59,0.59,0.59,0.6,0.61,0.61,0.59,0.59,0.59,0.59,0.57,0.57,0.58,0.57,0.57,0.57,0.58,0.58,0.58,0.58,0.58,0.59,0.59,0.59,0.59,0.6,0.61,0.61,0.6,0.6,0.6,0.6,0.6,0.6,0.61,0.62,0.61,0.62,
202,UTX,1988,RR,Industrials,0.32,0.32,0.32,0.32,0.33,0.33,0.33,0.34,0.34,0.33,0.32,0.33,0.33,0.33,0.33,0.33,0.34,0.34,0.34,0.34,0.34,0.33,0.33,0.33,0.33,0.34,0.33,0.33,0.33,0.33,0.32,0.32,0.31,0.34,0.34,0.33,0.34,0.34,0.34,0.35,0.35,0.34,0.35,0.35,0.35,0.35,0.35,0.35,0.35,0.35,0.35,0.35,0.35,0.35,0.35,0.35,0.36,0.36,0.35,0.35,
203,IP,1988,RR,Consumer Cyclical,7.04,7.14,7.1,7.2,7.18,7.2,7.06,7.26,7.36,7.36,7.3,7.2,7.2,7.2,7.26,7.18,7.5,7.6,7.58,7.58,7.56,7.42,7.28,7.26,7.18,7.38,7.54,7.44,7.42,7.4,7.3,7.28,7.06,7.11,7.03,6.9,6.99,7.11,7.09,7.15,7.19,7.09,7.01,7.03,7.21,7.17,7.11,7.19,7.19,7.19,7.15,7.11,7.11,7.15,7.09,7.07,7.17,7.19,7.13,7.17,
204,FL,1988,RR,Consumer Cyclical,13.18,13.63,13.63,13.45,13.51,13.51,13.69,13.63,13.6,13.48,13.21,13.24,13.3,13.42,13.87,13.66,13.72,13.9,13.75,13.66,13.67,13.21,13.21,12.97,13.06,12.81,13.24,13.21,12.81,12.94,12.81,12.75,12.32,12.32,12.54,12.29,12.23,12.39,12.45,12.39,12.54,12.45,12.54,12.54,12.6,12.6,12.29,12.51,12.6,12.63,12.45,12.48,12.45,12.32,12.17,12.23,12.23,12.42,12.32,12.11,
205,MMM,1984,RR,Industrials,0.94,0.94,0.92,0.93,0.92,0.92,0.93,0.93,0.94,0.94,0.95,0.96,0.96,0.98,0.97,0.97,1.01,1.03,1.01,1.01,1,1.01,1,1,1,0.99,1.01,1.02,1.02,1.03,1.01,1.01,1,1.01,1,1,1,0.98,0.99,1,1,1.02,1.02,1.02,1,0.98,0.97,0.97,0.97,0.97,0.96,0.96,0.97,0.97,0.97,0.96,0.97,0.98,1,0.99,
206,AXP,1984,RR,Financials,0.68,0.69,0.68,0.67,0.66,0.64,0.65,0.65,0.64,0.65,0.67,0.68,0.69,0.69,0.71,0.71,0.76,0.74,0.75,0.74,0.75,0.73,0.72,0.71,0.72,0.74,0.74,0.73,0.74,0.73,0.73,0.72,0.72,0.72,0.71,0.69,0.69,0.69,0.69,0.71,0.73,0.74,0.72,0.73,0.72,0.71,0.7,0.7,0.7,0.69,0.7,0.69,0.71,0.71,0.7,0.7,0.71,0.71,0.74,0.75,
207,CVX,1984,RR,Energy,0.35,0.35,0.35,0.35,0.35,0.35,0.35,0.34,0.34,0.34,0.33,0.33,0.33,0.34,0.33,0.32,0.32,0.32,0.31,0.31,0.32,0.32,0.32,0.31,0.32,0.31,0.32,0.32,0.34,0.35,0.34,0.35,0.34,0.34,0.34,0.34,0.35,0.34,0.34,0.34,0.34,0.35,0.34,0.34,0.34,0.34,0.34,0.33,0.34,0.34,0.34,0.34,0.34,0.34,0.33,0.33,0.32,0.32,0.33,0.32,
208,BTI,1984,RR,Consumer Discretionary,0.01,0.01,0.01,0.01,0.01,0.01,0.01,0.01,0.01,0.01,0.01,0.01,0.01,0.01,0.01,0.01,0.01,0.01,0.01,0.01,0.01,0.01,0.01,0.01,0.01,0.01,0.01,0.01,0.01,0.01,0.01,0.01,0.01,0.01,0.01,0.01,0.01,0.01,0.01,0.01,0.01,0.01,0.01,0.01,0.01,0.01,0.01,0.01,0.01,0.01,0.01,0.01,0.01,0.01,0.01,0.01,0.01,0.01,0.01,0.01,
209,GIS,1984,RR,Consumer Staples,0.04,0.04,0.04,0.04,0.04,0.04,0.04,0.04,0.04,0.04,0.04,0.04,0.04,0.04,0.04,0.04,0.04,0.04,0.04,0.04,0.04,0.04,0.04,0.04,0.04,0.04,0.04,0.04,0.04,0.04,0.04,0.04,0.04,0.04,0.04,0.04,0.04,0.04,0.04,0.04,0.04,0.04,0.04,0.04,0.04,0.04,0.04,0.04,0.04,0.04,0.04,0.04,0.04,0.04,0.04,0.04,0.04,0.04,0.04,0.04,
210,DD,1984,RR,Materials,1.55,1.58,1.58,1.58,1.54,1.53,1.54,1.56,1.56,1.55,1.54,1.53,1.56,1.57,1.58,1.61,1.67,1.67,1.68,1.67,1.65,1.65,1.63,1.63,1.66,1.63,1.64,1.63,1.65,1.68,1.69,1.68,1.65,1.65,1.62,1.61,1.59,1.56,1.58,1.61,1.63,1.65,1.65,1.65,1.65,1.62,1.61,1.6,1.6,1.57,1.58,1.56,1.56,1.54,1.55,1.53,1.52,1.55,1.61,1.6,
211,GE,1984,RR,Industrials,0.01,0.01,0.01,0.01,0.01,0.01,0.01,0.01,0.01,0.01,0.01,0.01,0.01,0.01,0.01,0.01,0.01,0.01,0.01,0.01,0.01,0.01,0.01,0.01,0.01,0.01,0.01,0.01,0.01,0.01,0.01,0.01,0.01,0.01,0.01,0.01,0.01,0.01,0.01,0.01,0.01,0.01,0.01,0.01,0.01,0.01,0.01,0.01,0.01,0.01,0.01,0.01,0.01,0.01,0.01,0.01,0.01,0.01,0.01,0.01,
212,AA,1984,RR,Materials,5.01,5.04,4.95,4.84,4.74,4.73,4.88,4.89,4.86,4.8,4.73,4.8,4.88,5.18,5.15,5.18,5.29,5.34,5.27,5.18,5.14,5.13,5.27,5.23,5.37,5.47,5.53,5.6,5.61,5.75,5.64,5.6,5.6,5.53,5.52,5.5,5.45,5.34,5.34,5.32,5.38,5.52,5.53,5.61,5.53,5.37,5.35,5.34,5.35,5.2,5.2,5.23,5.35,5.32,5.34,5.3,5.32,5.3,5.6,5.52,
213,S,1984,RR,Consumer Cyclical,1.95,1.95,1.93,1.93,1.95,2.01,1.95,1.92,1.95,1.97,1.98,1.97,1.97,1.97,1.95,1.95,1.95,1.93,1.93,1.96,1.95,1.97,1.98,1.98,1.98,1.99,2,2.03,2.02,2,2,2,2,2,2,2,2,2,2,2,2,2,2,2,2,2,2,2,2,2,2,2,2,2,2,2,2,2,2,2,
214,IBM,1984,RR,Information Technology,4.26,4.29,4.24,4.19,4.16,4.14,4.16,4.14,4.13,4.12,4.15,4.11,4.16,4.18,4.14,4.16,4.3,4.27,4.29,4.32,4.33,4.27,4.24,4.26,4.33,4.29,4.34,4.34,4.37,4.39,4.33,4.33,4.25,4.27,4.23,4.24,4.23,4.19,4.13,4.18,4.17,4.22,4.22,4.3,4.24,4.2,4.19,4.13,4.14,4.06,4.08,4.04,4.06,4.1,4.09,4.06,4.09,4.1,4.24,4.24,
215,NAV,1984,RR,Industrials,72.48,72.48,73.73,72.48,68.73,63.73,67.48,67.48,64.98,64.98,66.23,66.23,66.23,66.23,64.98,63.73,63.73,63.73,63.73,64.98,63.73,63.73,63.73,64.98,63.73,62.48,63.73,63.73,74.98,73.73,72.48,68.73,71.23,72.48,72.48,71.23,69.98,71.23,72.48,81.22,82.47,82.47,77.48,88.72,81.22,82.47,76.23,74.98,76.23,73.73,73.73,73.73,71.23,72.48,72.48,81.22,83.72,82.47,84.97,84.97,
216,MRK,1984,RR,Health Care,0.55,0.55,0.55,0.55,0.55,0.55,0.56,0.54,0.53,0.53,0.54,0.54,0.54,0.54,0.54,0.55,0.56,0.57,0.57,0.58,0.57,0.56,0.56,0.56,0.57,0.57,0.58,0.59,0.59,0.59,0.59,0.58,0.58,0.57,0.56,0.57,0.57,0.56,0.57,0.58,0.59,0.59,0.59,0.6,0.59,0.59,0.59,0.58,0.59,0.59,0.59,0.59,0.59,0.59,0.6,0.59,0.6,0.61,0.62,0.62,
217,GT,1984,RR,Consumer Cyclical,6.63,6.66,6.6,6.47,6.41,6.2,6.17,6.13,6.1,6.13,6.1,6.17,6.2,6.26,6.23,6.29,6.38,6.6,6.69,6.69,6.72,6.72,6.6,6.57,6.66,6.69,6.72,6.63,6.69,6.81,6.63,6.57,6.54,6.48,6.48,6.35,6.26,6.23,6.23,6.23,6.2,6.32,6.35,6.45,6.38,6.23,6.23,6.23,6.23,6.23,6.23,6.23,6.23,5.76,6.17,6.13,6.29,6.29,6.63,6.6,
218,T,1984,RR,Communication Services,0.24,0.24,0.24,0.24,0.24,0.24,0.24,0.24,0.24,0.24,0.24,0.24,0.24,0.25,0.25,0.25,0.26,0.26,0.26,0.25,0.24,0.25,0.25,0.25,0.25,0.25,0.25,0.25,0.25,0.25,0.25,0.25,0.25,0.24,0.24,0.24,0.25,0.25,0.24,0.25,0.25,0.25,0.25,0.26,0.26,0.25,0.25,0.25,0.25,0.25,0.25,0.25,0.25,0.25,0.25,0.25,0.25,0.26,0.27,0.27,
219,PG,1984,RR,Consumer Staples,0.07,0.07,0.06,0.06,0.06,0.07,0.06,0.06,0.06,0.06,0.06,0.06,0.06,0.06,0.06,0.06,0.07,0.07,0.07,0.07,0.07,0.07,0.07,0.07,0.07,0.07,0.07,0.07,0.07,0.07,0.07,0.07,0.07,0.07,0.07,0.07,0.07,0.07,0.07,0.07,0.07,0.07,0.07,0.07,0.07,0.07,0.07,0.07,0.07,0.07,0.07,0.07,0.07,0.07,0.07,0.07,0.07,0.07,0.07,0.07,
220,UTX,1984,RR,Industrials,0.11,0.11,0.11,0.1,0.1,0.1,0.1,0.1,0.1,0.1,0.1,0.11,0.11,0.11,0.11,0.11,0.11,0.11,0.11,0.11,0.11,0.11,0.11,0.11,0.11,0.11,0.11,0.11,0.11,0.11,0.11,0.1,0.1,0.1,0.1,0.1,0.1,0.1,0.1,0.1,0.1,0.11,0.1,0.11,0.1,0.1,0.1,0.1,0.1,0.1,0.1,0.1,0.1,0.1,0.1,0.1,0.1,0.1,0.11,0.11,
221,IP,1984,RR,Consumer Cyclical,2.89,2.9,2.86,2.83,2.82,2.76,2.76,2.74,2.77,2.79,2.76,2.83,2.83,2.84,2.82,2.85,2.93,2.91,2.89,2.88,2.88,2.87,2.86,2.87,2.89,2.87,2.88,2.86,2.89,2.94,2.93,3.01,2.93,2.92,2.88,2.88,2.87,2.8,2.83,2.88,2.94,2.93,2.92,3.02,2.95,2.9,2.91,2.92,2.93,2.84,2.87,2.82,2.82,2.87,2.81,2.86,2.91,2.93,2.98,3.04,
222,FL,1984,RR,Consumer Cyclical,3.82,3.82,3.8,3.76,3.73,3.65,3.65,3.64,3.62,3.64,3.62,3.68,3.7,3.77,3.82,3.8,3.93,3.94,3.9,3.93,3.96,3.93,3.88,3.86,3.87,3.84,3.91,3.9,3.92,4.03,3.99,4.03,4.06,4.05,3.98,3.92,3.95,3.95,3.84,3.86,3.88,3.99,3.99,4.03,4.02,3.87,3.91,3.91,3.91,3.88,3.91,3.92,3.92,3.9,3.84,3.82,3.84,3.9,3.99,4.02,
223,MMM,1980,DR,Industrials,0.63,0.61,0.61,0.61,0.6,0.59,0.6,0.6,0.59,0.59,0.59,0.58,0.57,0.56,0.56,0.57,0.57,0.57,0.56,0.56,0.56,0.57,0.57,0.56,0.56,0.55,0.56,0.57,0.56,0.56,0.58,0.59,0.58,0.58,0.58,0.57,0.58,0.58,0.59,0.59,0.6,0.61,0.62,0.61,0.59,0.6,0.61,0.62,0.6,0.61,0.6,0.6,0.6,0.58,0.57,0.57,0.57,0.57,0.56,0.56,
224,CVX,1980,DR,Energy,0.29,0.29,0.3,0.3,0.29,0.29,0.29,0.31,0.32,0.33,0.34,0.34,0.34,0.33,0.33,0.34,0.35,0.35,0.35,0.34,0.35,0.35,0.36,0.34,0.35,0.34,0.34,0.33,0.33,0.33,0.34,0.35,0.34,0.35,0.35,0.36,0.38,0.38,0.38,0.4,0.4,0.4,0.4,0.41,0.41,0.41,0.45,0.45,0.42,0.43,0.43,0.42,0.4,0.4,0.39,0.38,0.38,0.38,0.38,0.4,
225,BTI,1980,DR,Consumer Discretionary,1,1,1,1,1,1,1,1,1,1,1,1,1,1,1,1,1,1,1,1,1,1,1,1,1,1,1,1,1,1,1,1,1,1,1,1,1,1,1,1,1,1,1,1,1,1,1,1,1,1,1,1,1,1,1,1,1,1,1,1,
226,GIS,1980,DR,Consumer Staples,0.02,0.02,0.02,0.02,0.02,0.02,0.02,0.02,0.02,0.02,0.02,0.02,0.02,0.02,0.02,0.02,0.02,0.02,0.02,0.02,0.02,0.02,0.02,0.02,0.02,0.02,0.02,0.02,0.02,0.02,0.02,0.02,0.02,0.02,0.02,0.02,0.02,0.02,0.02,0.02,0.02,0.02,0.02,0.02,0.02,0.02,0.02,0.02,0.02,0.02,0.02,0.02,0.02,0.02,0.02,0.02,0.02,0.02,0.02,0.02,
227,DD,1980,DR,Materials,1.55,1.51,1.54,1.51,1.51,1.47,1.49,1.5,1.49,1.48,1.5,1.51,1.51,1.47,1.46,1.47,1.46,1.46,1.42,1.42,1.4,1.35,1.35,1.36,1.41,1.38,1.38,1.39,1.4,1.41,1.39,1.42,1.35,1.38,1.45,1.47,1.53,1.59,1.55,1.55,1.54,1.51,1.57,1.53,1.52,1.49,1.51,1.5,1.44,1.47,1.45,1.44,1.4,1.4,1.38,1.35,1.35,1.36,1.36,1.38,
228,GE,1980,DR,Industrials,1,1,1,1,1,1,1,1,1,1,1,1,1,1,1,1,1,1,1,1,1,1,1,1,1,1,1,1,1,1,1,1,1,1,1,1,1,1,1,1,1,1,1,1,1,1,1,1,1,1,1,1,1,1,1,1,1,1,1,1,
229,AA,1980,DR,Materials,4.66,4.6,4.58,4.58,4.47,4.41,4.47,4.4,4.36,4.39,4.48,4.47,4.39,4.46,4.41,4.48,4.54,4.57,4.48,4.32,4.32,4.29,4.23,4.17,4.2,4.17,4.22,4.23,4.17,4.16,4.19,4.19,4.09,4.02,4.03,4.1,4.2,4.34,4.28,4.26,4.21,4.13,4.2,4.16,4.09,4.01,4.01,4.03,3.97,4.02,4.06,4,3.94,3.87,3.89,3.84,3.82,3.78,3.63,3.57,
230,IBM,1980,DR,Information Technology,1.94,1.91,1.92,1.88,1.84,1.82,1.83,1.84,1.86,1.89,1.94,1.93,1.99,2,1.97,2.01,1.99,2.01,1.96,1.94,1.95,1.94,1.93,1.88,1.9,1.88,1.9,1.87,1.86,1.9,1.92,1.98,1.92,1.94,1.94,1.94,2.05,2.06,2.07,2.07,2.08,2.06,2.08,2.03,2.03,2.01,1.98,1.97,1.92,1.96,1.96,1.97,1.95,1.92,1.91,1.84,1.86,1.9,1.86,1.91,
231,NAV,1980,DR,Industrials,333.66,332.44,330.01,331.22,327.57,323.92,322.7,330.01,326.35,331.22,336.09,337.31,337.31,337.31,333.66,332.44,333.66,328.79,303.22,311.74,306.87,305.65,309.3,304.43,304.43,304.43,305.65,304.43,293.47,293.47,292.26,292.26,282.51,278.86,281.3,283.73,294.69,292.26,292.26,288.6,282.51,276.42,272.77,276.42,277.64,287.38,289.82,299.56,298.34,288.6,278.86,272.77,267.9,263.03,260.59,255.72,248.42,245.98,230.15,230.15,
232,MRK,1980,DR,Health Care,0.47,0.47,0.47,0.47,0.47,0.46,0.46,0.46,0.46,0.46,0.46,0.46,0.46,0.46,0.45,0.45,0.46,0.46,0.45,0.45,0.45,0.45,0.46,0.44,0.43,0.44,0.44,0.44,0.42,0.43,0.44,0.45,0.44,0.44,0.44,0.44,0.44,0.45,0.46,0.46,0.47,0.46,0.46,0.47,0.46,0.46,0.46,0.46,0.45,0.45,0.45,0.45,0.45,0.44,0.44,0.43,0.43,0.44,0.44,0.44,
233,GT,1980,DR,Consumer Cyclical,3.26,3.26,3.24,3.17,3.12,3.12,3.09,3.07,3.09,3.09,3.17,3.17,3.17,3.17,3.17,3.17,3.17,3.19,3.17,3.19,3.22,3.14,3.22,3.22,3.36,3.31,3.29,3.29,3.29,3.34,3.43,3.48,3.43,3.48,3.52,3.6,3.57,3.57,3.57,3.55,3.5,3.47,3.55,3.45,3.32,3.32,3.32,3.3,3.23,3.23,3.23,3.27,3.25,3.2,3.15,3.13,3.05,3.13,3.15,3.1,
234,PG,1980,DR,Consumer Staples,0.04,0.04,0.04,0.04,0.03,0.03,0.03,0.04,0.03,0.04,0.04,0.04,0.04,0.03,0.03,0.03,0.03,0.03,0.03,0.04,0.03,0.03,0.04,0.03,0.03,0.03,0.03,0.03,0.03,0.03,0.03,0.03,0.03,0.03,0.03,0.03,0.03,0.03,0.04,0.04,0.04,0.04,0.04,0.04,0.03,0.03,0.03,0.03,0.03,0.03,0.03,0.03,0.03,0.03,0.03,0.03,0.03,0.03,0.03,0.03,
235,UTX,1980,DR,Industrials,0.06,0.06,0.06,0.06,0.06,0.06,0.06,0.06,0.06,0.06,0.06,0.06,0.06,0.06,0.06,0.06,0.06,0.06,0.06,0.06,0.06,0.06,0.06,0.06,0.06,0.06,0.06,0.06,0.06,0.06,0.06,0.07,0.07,0.06,0.07,0.07,0.07,0.07,0.07,0.07,0.07,0.07,0.07,0.07,0.07,0.07,0.07,0.07,0.07,0.07,0.07,0.07,0.07,0.07,0.07,0.07,0.07,0.07,0.07,0.07,
236,IP,1980,DR,Consumer Cyclical,1.94,1.9,1.89,1.85,1.81,1.78,1.85,1.86,1.86,1.86,1.88,1.86,1.81,1.81,1.82,1.85,1.89,1.91,1.91,1.92,1.94,1.95,1.97,1.93,1.9,1.86,1.83,1.81,1.81,1.8,1.81,1.84,1.81,1.78,1.79,1.81,1.88,1.9,1.95,1.95,1.98,1.97,1.97,1.95,1.88,1.97,2,2.1,2.07,2.07,2.1,2.16,2.15,2.06,1.98,1.95,1.95,1.97,1.94,1.97,
237,FL,1980,DR,Consumer Cyclical,2.15,2.12,2.09,2.05,2.01,2,2.02,2.02,2,2.01,2.07,2.04,2.03,2.06,2.15,2.14,2.16,2.17,2.08,2.02,2.02,2,2.02,1.98,2.01,2,2.03,2.02,1.99,1.99,2.02,2.04,1.97,1.97,1.95,1.94,1.95,2.02,2.07,2.02,2.02,1.95,1.97,1.95,1.97,1.96,1.96,1.97,1.95,1.95,1.94,1.93,1.94,1.91,1.91,1.94,1.89,1.93,1.95,1.93,
