,0,1,2,3,4,5,6,7,8,9,10,11,12,13,14,15,16,17,18,19,20,21,22,23,24,25,26,27,28,29,30,31,32,33,34,35,36,37,38,39,40,41,42,43,44,45,46,47,48,49,50,51,52,53,54,55,56,57,58,59,60,61,62,63,64,65,66,67,68,69,70,71,72,73,74,75,76,77,78,79,80,81,82,83
0,MMM,"[27.24, 27.42, 26.82, 26.82, 3204400]","[26.81, 26.93, 26.55, 26.75, 2271600]","[27.13, 27.82, 27.11, 27.3, 2737800]","[26.97, 27.04, 26.57, 26.57, 3829800]","[26.17, 26.5, 25.81, 26.08, 3726800]","[26.24, 26.26, 25.63, 25.79, 2630800]","[25.65, 26.01, 25.52, 25.54, 2537400]","[25.7, 26.08, 24.99, 25.08, 2644000]","[25.01, 25.07, 24.4, 24.65, 3947600]","[25.01, 25.01, 24.4, 24.69, 4802000]","[24.47, 24.54, 23.78, 24.12, 4220200]","[24.41, 24.56, 24.09, 24.32, 3305400]","[24.29, 24.56, 23.34, 23.71, 4520000]","[24.54, 25.47, 24.5, 25.07, 5820200]","[25.37, 25.95, 25.01, 25.59, 5092400]","[25.52, 26.12, 25.45, 26.1, 4293800]","[26.1, 26.39, 25.65, 26.06, 5865800]","[26.08, 26.46, 25.86, 26.08, 5071600]","[26.15, 27.1, 26.12, 26.57, 3306000]","[26.5, 27.08, 26.39, 26.43, 3258200]","[26.66, 26.88, 26.34, 26.59, 2493400]","[26.53, 27.53, 26.53, 27.26, 2911600]","[27.06, 27.84, 27.06, 27.69, 4045800]","[27.55, 27.55, 26.99, 27.04, 2555200]","[27.19, 27.48, 26.73, 26.73, 2792000]","[26.77, 27.35, 26.61, 26.61, 1789600]","[26.73, 27.51, 26.73, 27.01, 2328800]","[27.4, 27.68, 26.99, 27.04, 2367200]","[27.01, 27.02, 26.24, 26.35, 4886800]","[26.28, 26.48, 26.28, 26.39, 6227800]","[26.57, 27.51, 26.57, 26.73, 2857000]","[26.82, 27.08, 26.37, 26.43, 4001600]","[26.17, 26.5, 26.17, 26.43, 4213400]","[26.46, 26.46, 25.65, 25.81, 4775400]","[25.52, 25.77, 24.34, 25.3, 10243000]","[26.68, 27.26, 25.66, 26.05, 5694200]","[26.35, 26.68, 25.97, 26.12, 2279400]","[25.88, 26.15, 25.83, 26.14, 2882400]","[26.08, 27.01, 26.05, 26.73, 2265000]","[26.77, 27.11, 26.28, 27.11, 2140800]","[27.04, 27.77, 26.7, 27.55, 2955200]","[27.33, 28.06, 26.84, 28.02, 4168000]","[27.91, 28.4, 27.5, 27.59, 2673200]","[27.6, 27.82, 27.39, 27.53, 2785800]","[27.46, 27.57, 27.21, 27.51, 2503000]","[27.48, 28.49, 27.33, 28.24, 3368000]","[28.49, 28.49, 27.84, 28.11, 1812200]","[28.29, 28.93, 27.77, 28.22, 2876400]","[27.95, 28.56, 27.59, 28.24, 2205800]","[28.31, 28.55, 27.44, 27.55, 1960000]","[27.3, 27.77, 27.28, 27.5, 2245400]","[27.28, 27.68, 26.9, 27.55, 2655000]","[27.28, 28.04, 27.28, 27.66, 2950600]","[28.2, 28.24, 27.17, 27.64, 3067600]","[27.84, 28.13, 27.6, 27.84, 3314400]","[27.97, 28.04, 27.33, 27.44, 3055400]","[27.67, 28.15, 27.67, 28.09, 2340400]","[27.91, 28.48, 27.91, 28.13, 2156600]","[28.13, 28.2, 27.93, 28.13, 990800]","[28.2, 29.36, 27.93, 29.14, 4653800]","[28.92, 29.73, 28.81, 29.03, 3735800]","[29.1, 29.4, 29.08, 29.4, 2641200]","[29.4, 29.43, 28.88, 29.32, 2936400]","[29.14, 29.45, 29.14, 29.25, 2528600]","[29.32, 31.3, 29.19, 30.83, 12211000]","[31.49, 34.94, 31.49, 34.24, 29116000]","[33.89, 34.28, 33.63, 33.8, 12515200]","[33.56, 33.71, 33.03, 33.67, 7502400]","[33.73, 34.41, 33.34, 34.33, 6358600]","[34.0, 34.15, 33.62, 33.84, 3296600]","[33.58, 33.69, 33.36, 33.43, 4116400]","[33.47, 33.76, 33.03, 33.41, 2852600]","[33.19, 33.58, 32.35, 32.59, 4081200]","[33.25, 33.4, 32.66, 32.94, 5946400]","[33.43, 33.74, 33.21, 33.65, 4021800]","[33.65, 34.06, 33.07, 33.4, 4642000]","[32.37, 33.38, 32.37, 33.16, 3838800]","[32.74, 33.45, 32.15, 33.08, 4810600]","[33.01, 33.3, 32.55, 33.1, 3660000]","[33.29, 33.76, 32.94, 33.76, 1999600]","[34.02, 35.05, 33.58, 34.99, 2565600]","[34.79, 36.09, 34.13, 35.8, 4287200]","[35.8, 36.09, 35.12, 35.38, 2754200]"
1,AXP,"[39.54, 39.78, 38.79, 38.83, 2118700]","[38.83, 39.83, 38.79, 39.7, 2713400]","[39.87, 41.11, 39.54, 39.87, 4184200]","[39.87, 39.87, 38.87, 39.41, 1843000]","[39.33, 40.32, 39.16, 40.28, 3522100]","[39.87, 41.15, 39.87, 41.07, 3804500]","[41.15, 41.15, 40.24, 40.78, 3488400]","[41.11, 41.36, 40.07, 40.74, 3613000]","[40.66, 41.11, 40.2, 40.41, 2419900]","[40.24, 40.66, 39.04, 39.41, 4973700]","[39.0, 39.2, 38.54, 38.54, 2965300]","[38.54, 39.78, 38.54, 39.74, 3512800]","[38.25, 38.66, 37.46, 38.54, 4064500]","[37.75, 38.83, 37.13, 38.7, 3817300]","[38.7, 39.37, 38.46, 39.04, 3059600]","[39.2, 40.12, 38.79, 39.87, 3328600]","[39.91, 40.32, 39.08, 39.58, 2332900]","[39.2, 39.41, 38.79, 39.04, 3108100]","[39.04, 41.2, 39.04, 40.49, 3354900]","[40.74, 41.15, 40.32, 40.37, 2852700]","[40.53, 41.86, 39.78, 41.86, 4219200]","[41.49, 41.65, 40.78, 40.86, 3933700]","[40.97, 41.13, 40.51, 40.51, 2751600]","[41.05, 41.59, 40.43, 40.59, 3767600]","[40.3, 40.43, 38.26, 38.55, 6946900]","[38.6, 38.6, 37.56, 37.68, 4123600]","[37.89, 37.89, 36.6, 36.93, 6166600]","[36.52, 37.22, 35.98, 36.18, 7036200]","[37.26, 37.85, 34.06, 34.52, 9528500]","[34.23, 36.14, 34.23, 35.89, 5117900]","[36.27, 37.68, 35.93, 37.1, 5397400]","[36.77, 37.26, 35.35, 35.77, 5519700]","[35.19, 37.02, 33.69, 36.1, 8089600]","[36.77, 37.85, 36.72, 37.31, 4281600]","[36.89, 37.85, 36.89, 37.31, 2941300]","[37.64, 37.64, 35.93, 36.18, 5033000]","[36.47, 38.18, 36.39, 38.01, 5099100]","[38.43, 39.09, 37.93, 38.18, 5103800]","[37.56, 37.64, 35.31, 36.23, 6869800]","[37.18, 37.43, 36.47, 37.14, 3439300]","[37.51, 39.18, 37.47, 38.89, 3621300]","[38.85, 40.05, 38.18, 39.93, 4803900]","[39.84, 40.01, 38.01, 38.85, 4518900]","[38.93, 39.3, 38.3, 38.35, 3816000]","[38.93, 40.18, 38.43, 39.68, 3795700]","[39.84, 40.34, 39.47, 40.34, 3308000]","[40.18, 40.88, 40.05, 40.55, 2334900]","[40.8, 40.8, 38.51, 38.6, 3968900]","[38.72, 39.39, 37.97, 38.76, 3983800]","[38.51, 39.51, 37.97, 37.97, 3504100]","[37.89, 38.6, 36.97, 37.18, 3537500]","[37.18, 39.18, 37.18, 38.14, 3451300]","[38.1, 39.59, 37.6, 38.39, 3807800]","[38.26, 39.09, 37.93, 38.43, 2494100]","[38.06, 38.43, 36.68, 37.31, 4459900]","[37.31, 37.31, 34.98, 35.02, 5403700]","[34.94, 35.6, 33.31, 35.43, 4354300]","[35.19, 35.77, 34.02, 34.48, 3565900]","[34.4, 34.77, 34.06, 34.19, 1799200]","[35.93, 35.93, 35.19, 35.27, 3295000]","[35.19, 37.51, 35.19, 36.68, 4988000]","[36.72, 38.06, 36.6, 37.89, 4315000]","[37.72, 39.43, 35.52, 36.56, 10034200]","[37.43, 37.43, 35.93, 36.1, 4768700]","[35.73, 35.77, 34.19, 34.6, 7540100]","[35.6, 36.6, 34.89, 35.93, 6872100]","[35.85, 37.35, 35.6, 35.77, 4997200]","[35.93, 36.47, 35.43, 35.56, 3403800]","[35.93, 37.18, 35.93, 36.47, 3791700]","[37.06, 37.89, 36.81, 37.6, 3773300]","[37.43, 37.68, 36.85, 37.39, 2546400]","[37.56, 38.64, 37.43, 37.6, 3977400]","[37.6, 37.64, 36.27, 36.89, 4788900]","[36.72, 36.89, 35.68, 36.35, 6330400]","[36.85, 38.55, 36.81, 37.76, 5531500]","[38.01, 38.51, 36.18, 36.56, 5354800]","[36.56, 36.6, 33.9, 34.23, 7309900]","[35.27, 35.27, 34.27, 34.98, 6110000]","[35.27, 35.85, 34.98, 35.39, 4318700]","[35.56, 35.73, 35.02, 35.43, 3877700]","[36.06, 36.27, 35.39, 35.39, 7166100]","[36.1, 36.27, 35.6, 35.93, 3565100]","[36.27, 36.89, 36.18, 36.56, 4380400]"
2,SBC,,,,,,,,,,,,,,,,,,,,,,,,,,,,,,,,,,,,,,,,,,,,,,,,,,,,,,,,,,,,,,,,,,,,,,,,,,,,,,,,,,,
3,BA,"[34.77, 36.39, 34.77, 35.42, 5092500]","[35.42, 36.39, 34.94, 35.87, 3704900]","[35.95, 37.93, 35.95, 37.4, 7974100]","[37.4, 38.78, 36.88, 37.85, 10908200]","[37.85, 38.17, 37.28, 37.6, 6699000]","[37.6, 38.45, 37.32, 37.93, 4335700]","[37.93, 38.86, 37.6, 38.17, 5650100]","[38.17, 38.9, 38.01, 38.45, 4108800]","[38.09, 38.09, 37.32, 37.77, 4277100]","[37.77, 38.29, 36.71, 36.8, 5906200]","[36.8, 37.89, 36.63, 36.84, 3178700]","[36.84, 37.24, 36.39, 36.71, 4221300]","[36.84, 38.86, 36.84, 38.21, 6389400]","[38.33, 39.26, 38.33, 38.82, 6181200]","[38.82, 41.61, 38.17, 41.08, 6837500]","[41.08, 41.61, 39.95, 41.32, 5343300]","[41.32, 43.31, 40.64, 42.74, 7072100]","[42.74, 43.02, 41.0, 41.77, 7540100]","[41.77, 42.29, 41.16, 41.73, 6746600]","[41.73, 41.73, 39.22, 41.73, 5010700]","[39.63, 39.63, 37.04, 37.81, 9280800]","[38.17, 39.02, 38.17, 38.74, 5017300]","[38.74, 40.39, 38.49, 39.54, 5019200]","[39.54, 40.76, 38.98, 39.5, 4121900]","[39.5, 40.23, 39.14, 39.46, 3067100]","[39.26, 39.26, 38.33, 38.45, 2180100]","[38.45, 38.9, 38.21, 38.53, 2501200]","[38.53, 39.63, 38.05, 38.94, 2960800]","[38.94, 39.02, 34.94, 36.31, 8935800]","[36.31, 39.02, 36.19, 38.01, 4701200]","[38.45, 39.5, 38.45, 38.94, 2649100]","[38.94, 39.75, 37.93, 39.14, 2909800]","[39.14, 39.79, 37.77, 39.3, 4731100]","[39.3, 39.59, 37.08, 37.81, 6481600]","[37.81, 38.98, 37.4, 38.82, 3795000]","[38.86, 40.11, 38.86, 39.63, 5692500]","[39.63, 40.07, 39.22, 39.46, 4174700]","[39.54, 41.36, 39.54, 40.47, 5929900]","[40.47, 41.16, 40.03, 40.8, 4459800]","[40.8, 41.28, 40.76, 41.24, 2632700]","[41.24, 42.17, 41.2, 41.85, 4779200]","[41.85, 43.91, 41.45, 43.87, 4700800]","[43.87, 43.87, 42.13, 42.54, 5589600]","[42.54, 43.35, 41.28, 42.78, 5114500]","[42.78, 43.18, 42.38, 42.74, 2743700]","[42.74, 42.94, 41.4, 42.74, 3610300]","[42.66, 42.66, 42.09, 42.17, 3030800]","[42.26, 42.87, 41.82, 42.14, 1600600]","[42.14, 42.75, 41.78, 42.59, 2060100]","[42.59, 42.63, 41.01, 41.17, 2847400]","[41.17, 41.25, 40.16, 40.72, 2943400]","[40.89, 42.02, 40.89, 41.74, 3553800]","[41.37, 41.37, 40.64, 41.21, 3139900]","[41.21, 43.03, 41.21, 42.67, 3557500]","[42.67, 43.32, 42.18, 42.39, 3529100]","[42.39, 43.11, 42.14, 42.51, 2503900]","[42.51, 45.06, 42.34, 44.49, 5734000]","[44.37, 44.37, 42.06, 42.22, 4296000]","[42.51, 43.32, 42.51, 42.59, 1122400]","[43.44, 44.09, 43.44, 43.68, 2781400]","[43.68, 44.21, 42.95, 43.76, 3248900]","[43.76, 45.38, 42.91, 45.34, 6378700]","[45.18, 45.18, 43.8, 44.78, 4248500]","[44.53, 44.53, 42.26, 42.67, 4419900]","[42.67, 42.67, 41.29, 42.02, 5211000]","[42.02, 45.51, 41.82, 44.7, 6336500]","[44.7, 45.02, 43.32, 43.68, 4597700]","[43.68, 44.17, 43.32, 43.32, 2295400]","[43.72, 45.99, 43.72, 45.34, 5179900]","[45.34, 45.79, 44.33, 44.33, 3801300]","[44.33, 45.67, 44.17, 44.82, 3167400]","[44.82, 45.26, 43.93, 44.01, 2366600]","[44.01, 44.7, 43.11, 43.6, 3369700]","[43.24, 43.24, 41.98, 42.06, 6340900]","[42.79, 45.34, 42.79, 44.41, 4230000]","[44.41, 44.49, 42.87, 43.03, 4316400]","[43.03, 43.07, 41.53, 42.14, 4112700]","[42.14, 42.14, 40.56, 41.9, 4725400]","[41.9, 42.14, 39.83, 41.13, 4071700]","[41.13, 41.82, 40.36, 40.85, 2366700]","[40.85, 42.06, 40.36, 41.53, 2725700]","[41.53, 43.44, 41.33, 42.43, 2486100]","[42.55, 43.28, 42.55, 42.79, 2554100]"
4,CAT,"[9.48, 9.67, 9.35, 9.63, 2563800]","[9.63, 10.01, 9.56, 9.82, 2875600]","[9.82, 10.12, 9.82, 9.98, 2900600]","[9.98, 10.08, 9.82, 9.82, 4777600]","[9.82, 9.87, 9.67, 9.75, 3091600]","[9.75, 10.14, 9.74, 9.88, 2521800]","[9.88, 10.01, 9.74, 9.8, 3190600]","[9.87, 10.12, 9.87, 9.98, 2132000]","[10.01, 10.22, 10.01, 10.12, 4188200]","[9.92, 9.92, 9.59, 9.66, 6007800]","[9.63, 9.63, 9.14, 9.3, 5579000]","[9.3, 9.33, 8.93, 9.16, 5201200]","[9.16, 9.21, 9.01, 9.08, 3515000]","[9.08, 9.21, 8.96, 8.98, 2412400]","[8.98, 9.21, 8.92, 9.06, 2605400]","[9.06, 9.29, 9.04, 9.16, 2056400]","[9.13, 9.13, 8.9, 9.03, 2804800]","[8.96, 8.96, 8.38, 8.64, 7458600]","[8.64, 8.96, 8.42, 8.77, 4866000]","[8.77, 8.96, 7.48, 8.0, 3578400]","[8.0, 8.84, 8.0, 8.84, 6628600]","[8.84, 9.29, 8.82, 9.04, 4416200]","[9.04, 9.27, 8.98, 9.06, 3534400]","[9.06, 9.19, 9.0, 9.03, 2774200]","[9.03, 9.21, 8.9, 8.9, 2549400]","[8.9, 9.03, 8.87, 8.92, 1319200]","[8.88, 8.88, 8.59, 8.61, 2709600]","[8.61, 8.77, 8.4, 8.58, 3741000]","[8.58, 8.58, 8.05, 8.22, 4800400]","[8.21, 8.21, 7.96, 8.17, 3551000]","[8.17, 8.29, 8.08, 8.19, 3422000]","[8.19, 8.27, 7.84, 7.87, 3269600]","[7.95, 7.95, 7.8, 7.87, 5565800]","[7.93, 8.13, 7.93, 8.05, 3147000]","[8.05, 8.23, 8.01, 8.1, 2370200]","[8.1, 8.41, 8.1, 8.29, 2725600]","[8.33, 8.51, 8.33, 8.41, 3443800]","[8.41, 8.44, 8.21, 8.26, 2413200]","[8.26, 8.53, 8.2, 8.39, 2656600]","[8.44, 8.67, 8.44, 8.67, 3200600]","[8.67, 9.43, 8.57, 9.22, 5737800]","[9.22, 9.45, 8.94, 9.25, 6645200]","[9.25, 9.43, 9.12, 9.17, 3343400]","[9.17, 9.37, 9.17, 9.18, 2362200]","[9.18, 9.23, 9.12, 9.18, 2074000]","[9.18, 9.66, 9.18, 9.55, 3228800]","[9.55, 9.56, 9.38, 9.53, 2537200]","[9.53, 9.75, 9.32, 9.61, 2546000]","[9.61, 9.76, 9.42, 9.65, 2848000]","[9.6, 9.6, 9.43, 9.43, 2756400]","[9.43, 9.58, 9.28, 9.55, 3065400]","[9.55, 9.58, 9.42, 9.51, 2271400]","[9.51, 9.75, 9.51, 9.68, 2835800]","[9.68, 9.68, 9.45, 9.58, 1835600]","[9.61, 9.89, 9.61, 9.75, 2597600]","[9.75, 9.84, 9.63, 9.81, 3128400]","[9.81, 10.16, 9.81, 10.09, 3665600]","[10.08, 10.08, 9.91, 9.98, 2131800]","[9.98, 10.29, 9.96, 10.26, 1485600]","[10.26, 10.5, 10.14, 10.47, 2942200]","[10.36, 10.36, 10.17, 10.29, 1821000]","[10.29, 10.7, 10.29, 10.59, 2852400]","[10.59, 10.83, 10.36, 10.37, 3984400]","[10.42, 10.88, 10.42, 10.73, 3003600]","[10.75, 11.59, 10.75, 11.43, 6023200]","[11.43, 11.67, 11.06, 11.44, 5893000]","[11.26, 11.26, 10.92, 10.97, 3086800]","[10.97, 11.21, 10.9, 10.97, 2262800]","[10.97, 11.11, 10.82, 10.98, 2792200]","[10.98, 11.23, 10.8, 11.18, 3065200]","[11.18, 11.51, 11.05, 11.18, 4090800]","[11.18, 11.39, 10.93, 11.0, 2747000]","[10.8, 10.8, 10.59, 10.73, 2137600]","[10.75, 10.93, 10.75, 10.77, 4576800]","[10.77, 11.25, 10.59, 11.16, 3673200]","[11.16, 11.44, 10.93, 11.31, 5395200]","[11.31, 11.43, 10.88, 11.36, 5809600]","[11.36, 11.84, 11.15, 11.81, 5965000]","[11.81, 12.33, 11.66, 12.3, 5743600]","[12.3, 12.6, 12.25, 12.6, 3715400]","[12.55, 12.55, 12.24, 12.53, 3737200]","[12.53, 12.58, 12.19, 12.57, 2558600]","[12.57, 12.65, 12.35, 12.48, 3051800]"
5,MO,"[2.49, 2.49, 2.43, 2.43, 6290900]","[2.45, 2.52, 2.44, 2.47, 6276300]","[2.5, 2.5, 2.46, 2.47, 5241900]","[2.47, 2.5, 2.47, 2.47, 5761600]","[2.47, 2.49, 2.43, 2.45, 5904800]","[2.44, 2.48, 2.44, 2.47, 4301000]","[2.46, 2.47, 2.45, 2.47, 5451300]","[2.47, 2.5, 2.35, 2.38, 9137000]","[2.4, 2.42, 2.31, 2.32, 7584000]","[2.32, 2.33, 2.29, 2.3, 9632600]","[2.29, 2.3, 2.25, 2.26, 7135400]","[2.29, 2.31, 2.28, 2.3, 7699100]","[2.29, 2.3, 2.21, 2.21, 7386200]","[2.21, 2.29, 2.21, 2.22, 6539800]","[2.28, 2.36, 2.27, 2.34, 7973500]","[2.35, 2.39, 2.33, 2.38, 5161600]","[2.36, 2.41, 2.35, 2.38, 6811800]","[2.39, 2.49, 2.38, 2.49, 7522200]","[2.47, 2.57, 2.47, 2.56, 11784600]","[2.55, 2.6, 2.49, 2.49, 9479900]","[2.51, 2.55, 2.5, 2.51, 6663400]","[2.51, 2.57, 2.51, 2.55, 7241800]","[2.54, 2.66, 2.53, 2.63, 7399900]","[2.6, 2.64, 2.56, 2.58, 4875500]","[2.6, 2.65, 2.53, 2.55, 5814600]","[2.56, 2.61, 2.55, 2.6, 3334700]","[2.59, 2.67, 2.56, 2.64, 5941800]","[2.65, 2.68, 2.6, 2.67, 10494200]","[2.7, 2.75, 2.64, 2.73, 8625500]","[2.68, 2.73, 2.59, 2.63, 7284800]","[2.6, 2.63, 2.55, 2.6, 5293900]","[2.61, 2.72, 2.59, 2.68, 9189100]","[2.71, 2.82, 2.67, 2.79, 12080800]","[2.76, 2.81, 2.73, 2.79, 6209800]","[2.77, 2.86, 2.75, 2.82, 6389600]","[2.79, 2.96, 2.78, 2.94, 9146600]","[2.92, 2.99, 2.92, 2.97, 8395200]","[2.94, 3.05, 2.94, 3.02, 8903500]","[3.01, 3.09, 2.96, 3.05, 7885400]","[3.03, 3.11, 3.02, 3.11, 8036200]","[3.08, 3.27, 3.07, 3.21, 11827100]","[3.17, 3.2, 3.1, 3.1, 9352400]","[3.07, 3.16, 3.06, 3.1, 8543900]","[3.03, 3.07, 3.02, 3.06, 6748900]","[3.01, 3.02, 2.89, 2.96, 10522100]","[2.86, 3.07, 2.84, 2.95, 16915700]","[2.92, 3.0, 2.91, 2.99, 7532800]","[3.0, 3.15, 3.0, 3.11, 11241700]","[3.04, 3.1, 2.93, 3.02, 11238700]","[2.96, 3.14, 2.95, 3.12, 7153500]","[3.05, 3.08, 2.87, 2.93, 9306600]","[2.9, 3.01, 2.89, 2.93, 9586400]","[2.94, 3.06, 2.94, 3.03, 5857800]","[3.02, 3.13, 3.02, 3.08, 3760700]","[3.04, 3.12, 3.01, 3.11, 6679900]","[3.05, 3.14, 3.05, 3.1, 3956000]","[3.1, 3.21, 3.06, 3.17, 6103900]","[3.06, 3.09, 2.9, 3.03, 16103500]","[3.05, 3.08, 3.0, 3.01, 2847900]","[3.08, 3.13, 3.05, 3.09, 5062500]","[3.07, 3.17, 3.07, 3.15, 5575300]","[3.17, 3.28, 3.16, 3.26, 7964200]","[3.28, 3.35, 3.23, 3.23, 13653000]","[3.22, 3.22, 3.14, 3.19, 6232400]","[3.17, 3.23, 3.13, 3.19, 5026300]","[3.23, 3.3, 3.22, 3.27, 6370800]","[3.22, 3.33, 3.22, 3.31, 5553500]","[3.3, 3.39, 3.29, 3.36, 6264300]","[3.33, 3.43, 3.31, 3.36, 8537000]","[3.31, 3.33, 3.27, 3.3, 7169900]","[3.28, 3.37, 3.27, 3.29, 18616400]","[3.38, 3.51, 3.36, 3.5, 14097800]","[3.44, 3.58, 3.44, 3.56, 10924100]","[3.5, 3.59, 3.44, 3.44, 16575600]","[3.43, 3.58, 3.43, 3.55, 8321800]","[3.58, 3.72, 3.58, 3.7, 10814500]","[3.72, 3.82, 3.68, 3.79, 11389700]","[3.77, 3.82, 3.66, 3.79, 9501400]","[3.73, 3.75, 3.65, 3.73, 5328700]","[3.73, 3.84, 3.73, 3.83, 4280800]","[3.79, 3.91, 3.79, 3.89, 5562400]","[3.87, 3.89, 3.82, 3.83, 3904800]","[3.82, 3.88, 3.78, 3.78, 6047500]"
6,GMGMQ,,,,,,,,,,,,,,,,,,,,,,,,,,,,,,,,,,,,,,,,,,,,,,,,,,,,,,,,,,,,,,,,,,,,,,,,,,,,,,,,,,,
7,KO,"[11.64, 11.88, 11.64, 11.83, 10053000]","[11.83, 12.44, 11.66, 12.28, 11223000]","[11.98, 11.98, 11.79, 11.84, 9854000]","[11.84, 11.9, 11.61, 11.77, 7458200]","[11.77, 12.03, 11.73, 11.9, 5253600]","[11.9, 11.92, 11.41, 11.56, 7846000]","[11.56, 11.75, 11.38, 11.66, 8248000]","[11.74, 11.78, 11.42, 11.52, 6986400]","[11.38, 11.38, 10.96, 11.19, 11181600]","[11.19, 11.44, 11.08, 11.15, 12373800]","[11.15, 11.74, 11.14, 11.66, 8759800]","[11.66, 11.74, 11.42, 11.6, 7630400]","[11.56, 11.56, 10.85, 11.03, 14690200]","[11.03, 11.15, 10.79, 10.88, 10247200]","[11.16, 11.62, 11.16, 11.6, 16349000]","[11.6, 11.9, 11.55, 11.75, 8079600]","[11.75, 12.1, 11.68, 12.05, 10269400]","[12.05, 12.26, 11.85, 12.21, 10414600]","[12.21, 12.21, 11.88, 12.16, 8353200]","[12.16, 12.42, 12.07, 12.1, 11962600]","[12.12, 12.51, 12.12, 12.51, 9516000]","[12.51, 12.59, 12.32, 12.36, 7380800]","[12.36, 12.56, 12.29, 12.56, 8279000]","[12.58, 13.03, 12.58, 12.97, 10596400]","[12.97, 12.99, 12.67, 12.82, 9617400]","[12.82, 12.9, 12.69, 12.69, 4073000]","[12.69, 13.01, 12.52, 12.77, 6280600]","[12.77, 13.07, 12.67, 12.85, 7904000]","[12.85, 12.89, 12.37, 12.56, 8552800]","[12.56, 12.66, 12.37, 12.55, 7312400]","[12.55, 13.0, 12.51, 12.86, 7054600]","[12.86, 12.93, 12.51, 12.71, 6069800]","[12.71, 12.92, 12.47, 12.77, 7339400]","[12.6, 12.6, 12.32, 12.53, 5797600]","[12.23, 12.23, 11.79, 12.03, 14655200]","[12.03, 12.27, 11.82, 12.14, 7077800]","[12.14, 12.33, 11.94, 12.32, 6334800]","[12.32, 12.82, 12.21, 12.71, 9350200]","[12.71, 13.01, 12.38, 12.88, 9351000]","[12.88, 13.01, 12.64, 12.93, 7562200]","[12.93, 13.28, 12.92, 13.14, 10526800]","[13.14, 13.37, 12.88, 13.25, 9830000]","[13.25, 13.48, 13.23, 13.36, 8289000]","[13.36, 13.48, 13.18, 13.33, 9108400]","[13.28, 13.28, 12.97, 13.01, 6068400]","[13.01, 13.38, 12.9, 13.28, 5558200]","[13.28, 13.36, 13.12, 13.18, 4236000]","[13.18, 13.3, 12.96, 13.21, 5048200]","[13.21, 13.76, 13.14, 13.67, 11855000]","[13.67, 13.84, 13.58, 13.58, 10323400]","[13.52, 13.52, 13.25, 13.4, 8175800]","[13.4, 13.45, 13.08, 13.29, 7423400]","[13.29, 13.49, 13.22, 13.45, 7506600]","[13.45, 13.67, 13.4, 13.59, 7607400]","[13.59, 13.78, 13.41, 13.48, 12093800]","[12.92, 12.92, 12.27, 12.41, 19313200]","[12.41, 12.62, 12.12, 12.12, 13995800]","[12.78, 13.23, 12.78, 13.07, 13403800]","[13.06, 13.06, 12.86, 12.95, 3905000]","[12.95, 13.18, 12.74, 13.07, 6476800]","[13.14, 13.33, 13.14, 13.26, 5817800]","[13.34, 13.79, 13.18, 13.71, 9692000]","[13.71, 13.82, 13.56, 13.82, 12816400]","[13.76, 13.76, 13.53, 13.72, 8201200]","[13.72, 13.98, 13.65, 13.85, 8572200]","[13.85, 13.86, 13.39, 13.56, 9266800]","[13.56, 13.64, 13.32, 13.43, 7761200]","[13.43, 13.92, 13.36, 13.76, 7895200]","[13.68, 13.68, 13.38, 13.43, 8300800]","[13.28, 13.28, 12.84, 12.87, 11578000]","[12.87, 12.95, 12.72, 12.8, 8008200]","[12.8, 12.87, 12.63, 12.76, 7409800]","[12.67, 12.67, 12.3, 12.58, 10047600]","[12.51, 12.51, 11.81, 11.81, 27540400]","[11.83, 12.26, 11.83, 12.11, 10304600]","[12.11, 12.78, 12.07, 12.52, 11688200]","[12.52, 12.8, 12.26, 12.41, 13344200]","[12.41, 13.16, 12.38, 13.1, 11930800]","[13.02, 13.02, 12.69, 12.99, 7483600]","[12.99, 13.24, 12.94, 13.24, 5670000]","[13.24, 13.54, 13.24, 13.36, 7711000]","[13.36, 13.67, 13.36, 13.47, 5520800]","[13.47, 13.49, 13.28, 13.45, 4970400]"
8,DD,"[22.89, 23.0, 22.34, 22.89, 2210400]","[22.83, 23.98, 22.73, 23.82, 3083200]","[23.82, 24.53, 23.82, 24.04, 3295700]","[23.0, 23.05, 21.79, 22.4, 5987300]","[22.34, 22.45, 21.85, 22.12, 3690500]","[22.29, 22.62, 22.12, 22.51, 2140700]","[22.51, 22.51, 22.01, 22.23, 2581800]","[22.34, 22.62, 22.12, 22.12, 2206700]","[22.23, 22.45, 21.96, 22.01, 1874500]","[21.85, 21.96, 21.41, 21.47, 2430300]","[21.47, 21.68, 21.08, 21.41, 1689600]","[21.47, 21.58, 20.86, 21.14, 2074700]","[21.19, 21.25, 20.97, 21.03, 2180300]","[21.08, 21.63, 21.03, 21.58, 1993900]","[21.47, 21.96, 21.36, 21.85, 2427400]","[21.96, 22.01, 21.3, 21.68, 1392100]","[21.79, 22.01, 21.52, 21.66, 3343100]","[21.75, 21.98, 21.09, 21.48, 2037500]","[21.26, 21.59, 21.09, 21.42, 2393700]","[21.42, 22.53, 21.42, 22.03, 2484100]","[22.42, 22.42, 21.81, 22.03, 1271400]","[22.03, 23.8, 21.64, 23.8, 4675200]","[23.63, 24.9, 23.47, 24.07, 4632300]","[24.02, 24.4, 23.13, 23.69, 2373500]","[24.02, 24.52, 23.19, 23.3, 2763100]","[23.52, 24.07, 23.19, 23.41, 1421700]","[23.47, 23.85, 22.86, 22.91, 1356900]","[22.75, 23.13, 22.25, 22.31, 2465600]","[22.86, 22.86, 21.37, 21.7, 2086200]","[20.71, 22.03, 20.54, 21.26, 3974700]","[21.04, 22.03, 20.76, 20.93, 2953500]","[20.98, 21.42, 20.48, 20.65, 1756000]","[20.43, 21.04, 20.32, 20.65, 1938300]","[20.65, 20.98, 20.32, 20.76, 2269600]","[20.76, 21.48, 20.48, 21.26, 2463800]","[21.26, 21.75, 20.87, 21.59, 2297500]","[21.64, 25.18, 21.64, 23.52, 5129900]","[23.58, 23.74, 22.53, 22.91, 2072800]","[23.91, 24.24, 23.02, 23.58, 3649400]","[23.85, 24.24, 23.08, 24.24, 2276500]","[24.35, 27.39, 24.24, 27.0, 5002800]","[27.17, 27.5, 26.06, 27.06, 3678500]","[27.0, 27.28, 26.72, 27.0, 2169200]","[27.22, 27.22, 26.61, 26.94, 2386200]","[27.17, 27.94, 26.83, 27.77, 2337500]","[27.72, 28.16, 27.39, 27.61, 2118300]","[27.61, 28.05, 27.5, 27.83, 1926000]","[27.83, 28.93, 27.33, 28.49, 2011300]","[27.39, 28.05, 27.06, 27.66, 2482900]","[27.39, 27.83, 27.06, 27.28, 1415700]","[27.06, 28.66, 26.94, 27.66, 1884900]","[28.27, 28.27, 27.28, 27.72, 2193100]","[27.61, 28.44, 27.55, 28.16, 1998300]","[27.94, 28.38, 26.72, 27.39, 2656700]","[27.39, 28.44, 27.39, 27.94, 1737600]","[27.94, 27.94, 27.39, 27.77, 1581400]","[27.77, 28.05, 27.11, 27.39, 1624100]","[27.39, 27.5, 26.89, 27.33, 1482700]","[27.28, 27.61, 26.94, 27.33, 420200]","[27.17, 27.17, 26.28, 26.67, 1899600]","[26.72, 26.89, 26.06, 26.28, 2097900]","[26.5, 27.72, 26.34, 27.61, 1776000]","[27.61, 27.66, 26.12, 27.0, 1966700]","[27.44, 28.93, 27.39, 28.88, 2011300]","[28.77, 31.86, 28.71, 31.64, 4949400]","[31.64, 32.85, 30.86, 32.25, 4719100]","[31.8, 31.89, 30.48, 30.92, 3057300]","[29.71, 30.86, 29.26, 29.26, 2854000]","[29.65, 30.2, 29.15, 29.87, 1804100]","[30.09, 30.09, 29.04, 29.48, 1573300]","[29.65, 30.86, 29.32, 29.48, 2218800]","[29.37, 29.37, 28.55, 28.82, 2732800]","[28.93, 29.1, 27.94, 28.49, 2109000]","[27.06, 27.77, 26.94, 27.06, 2741200]","[27.39, 28.49, 27.39, 28.1, 1716100]","[28.33, 30.59, 28.05, 29.93, 2785600]","[30.15, 30.15, 28.99, 29.26, 1935000]","[28.88, 31.2, 28.88, 30.98, 2756900]","[30.98, 33.57, 30.7, 32.91, 3562100]","[33.35, 33.35, 32.3, 32.74, 1946100]","[31.98, 33.92, 31.81, 33.92, 2072000]","[33.09, 34.09, 32.42, 33.59, 1508100]","[33.81, 33.81, 32.31, 32.53, 1380100]"
9,XON,,,,,,,,,,,,,,,,,,,,,,,,,,,,,,,,,,,,,,,,,,,,,,,,,,,,,,,,,,,,,,,,,,,,,,,,,,,,,,,,,,,
10,GE,"[30.62, 30.85, 29.88, 30.23, 8050600]","[30.2, 30.46, 29.88, 29.88, 9680500]","[30.46, 30.62, 30.23, 30.49, 15193800]","[30.43, 30.59, 30.07, 30.49, 8352700]","[30.4, 31.01, 30.11, 30.95, 11314500]","[30.75, 31.04, 30.33, 30.85, 12248600]","[30.75, 30.88, 30.46, 30.53, 10587200]","[30.4, 30.82, 30.27, 30.53, 7908900]","[30.59, 30.69, 30.14, 30.49, 8241700]","[30.23, 30.3, 29.14, 29.33, 21053900]","[29.3, 30.17, 29.27, 29.72, 13334100]","[29.75, 29.94, 29.27, 29.46, 12363900]","[29.27, 29.49, 28.43, 29.27, 14780300]","[28.75, 29.91, 28.72, 29.07, 11150500]","[29.91, 29.98, 28.49, 29.62, 14819800]","[29.46, 30.14, 29.39, 30.01, 11443300]","[29.49, 30.4, 29.49, 29.98, 14606500]","[30.07, 30.75, 29.88, 30.72, 15269400]","[30.59, 30.88, 30.3, 30.49, 11611200]","[30.24, 30.5, 29.89, 29.95, 11137800]","[30.05, 30.5, 29.92, 30.31, 12370900]","[30.37, 31.02, 30.31, 30.6, 12718600]","[30.5, 30.96, 30.37, 30.5, 11875900]","[30.63, 31.05, 30.44, 30.96, 12249700]","[30.83, 31.05, 29.95, 30.79, 14565700]","[30.63, 30.99, 30.28, 30.31, 10075100]","[30.44, 30.66, 29.82, 30.08, 11448100]","[29.4, 29.89, 28.66, 29.34, 19251600]","[29.3, 29.6, 27.98, 28.24, 18105300]","[28.3, 29.85, 28.24, 29.53, 16175000]","[29.53, 29.98, 29.34, 29.92, 13513900]","[29.89, 29.89, 28.46, 28.82, 17530200]","[27.85, 28.92, 27.39, 28.75, 19151700]","[28.75, 28.98, 28.36, 28.82, 13716500]","[28.36, 28.62, 26.75, 27.0, 18720100]","[26.75, 26.94, 25.39, 25.77, 74151200]","[26.16, 27.65, 25.94, 27.65, 47835100]","[27.65, 27.91, 27.0, 27.43, 30422400]","[27.46, 27.65, 26.62, 27.0, 19417200]","[27.3, 27.56, 26.84, 27.07, 16082500]","[27.17, 27.98, 27.07, 27.98, 18964100]","[28.04, 28.46, 27.88, 28.4, 17858900]","[28.36, 28.46, 27.91, 28.2, 16536200]","[28.11, 28.49, 27.72, 27.81, 14911700]","[27.88, 27.91, 27.43, 27.62, 12545000]","[27.75, 28.27, 27.62, 28.24, 12422400]","[28.24, 28.53, 28.11, 28.46, 10067400]","[28.43, 28.62, 28.04, 28.27, 9861900]","[28.01, 28.43, 27.52, 28.27, 12786900]","[27.85, 28.46, 27.59, 27.91, 12742800]","[26.94, 27.59, 26.16, 26.65, 19196800]","[26.65, 27.52, 26.55, 27.33, 15295800]","[27.13, 27.49, 26.71, 27.2, 12621700]","[27.07, 27.75, 26.97, 27.26, 10725700]","[27.3, 27.68, 26.52, 26.88, 12467200]","[26.55, 26.91, 25.84, 25.94, 15386600]","[25.94, 26.71, 25.94, 26.29, 12681700]","[25.9, 25.94, 25.06, 25.16, 23112400]","[25.64, 25.81, 25.42, 25.58, 6555100]","[25.97, 26.32, 25.45, 25.45, 16729400]","[25.45, 26.15, 25.26, 25.81, 15404700]","[25.52, 26.39, 25.39, 25.74, 13249600]","[25.52, 25.94, 24.84, 25.68, 20955000]","[26.36, 26.65, 26.07, 26.42, 18931000]","[26.42, 26.88, 26.32, 26.75, 12473200]","[26.81, 28.24, 26.75, 28.04, 20790600]","[27.75, 28.04, 27.39, 27.94, 16513800]","[27.52, 28.04, 27.52, 27.72, 10773500]","[28.24, 28.79, 28.14, 28.59, 17532800]","[28.59, 29.11, 28.17, 28.66, 17102800]","[27.91, 28.53, 27.1, 27.36, 26332600]","[27.36, 27.78, 27.33, 27.46, 18265900]","[27.33, 27.36, 26.65, 26.65, 16380200]","[26.1, 26.55, 25.52, 25.81, 37335500]","[26.2, 26.65, 26.16, 26.42, 14498900]","[26.42, 26.65, 25.97, 25.97, 15992900]","[25.16, 25.61, 24.58, 24.58, 21074900]","[24.64, 25.13, 24.45, 24.8, 20462700]","[24.93, 25.58, 24.8, 25.32, 12167800]","[25.19, 25.61, 24.9, 25.55, 9478300]","[25.57, 25.86, 25.05, 25.05, 12720900]","[25.44, 25.57, 24.76, 25.18, 13064400]","[25.21, 25.37, 24.76, 24.92, 11422600]"
11,AA,"[59.87, 60.65, 58.77, 59.78, 599000]","[59.78, 61.95, 59.56, 60.5, 906400]","[60.5, 61.51, 59.92, 60.36, 1099000]","[60.36, 60.43, 58.55, 58.63, 921800]","[58.63, 59.92, 58.12, 59.85, 779000]","[59.71, 59.71, 56.39, 57.96, 1154900]","[56.46, 56.46, 54.15, 54.44, 1826300]","[54.44, 54.65, 52.85, 54.65, 2022500]","[54.58, 54.58, 52.56, 52.99, 1097000]","[52.78, 52.78, 50.97, 51.23, 1530700]","[51.22, 52.49, 45.7, 48.73, 1466700]","[47.94, 47.94, 45.41, 46.06, 5041500]","[46.06, 47.51, 44.26, 45.34, 4064900]","[45.34, 45.63, 43.46, 43.61, 2628800]","[43.61, 45.12, 42.09, 45.12, 3750400]","[43.82, 43.82, 42.16, 42.38, 2981500]","[42.38, 43.75, 42.38, 42.53, 2704200]","[42.53, 43.68, 41.8, 42.09, 2888600]","[42.16, 43.97, 42.16, 43.75, 2322400]","[43.75, 45.7, 41.88, 45.49, 1845800]","[45.49, 45.77, 43.61, 43.9, 1396100]","[43.97, 48.01, 43.97, 48.01, 2210600]","[48.01, 49.53, 47.22, 49.02, 2953300]","[49.02, 49.38, 47.22, 48.88, 1582600]","[48.88, 49.46, 47.51, 49.38, 1866100]","[49.38, 51.33, 49.1, 51.26, 1181300]","[51.26, 53.07, 50.68, 53.07, 2109200]","[52.85, 52.85, 48.01, 48.95, 1882600]","[48.95, 49.31, 45.99, 46.21, 1212600]","[46.21, 47.22, 45.34, 46.06, 1211600]","[46.06, 47.07, 45.2, 45.41, 1316300]","[45.56, 47.29, 45.56, 46.93, 1477500]","[45.85, 45.85, 43.68, 44.11, 1598300]","[44.11, 45.12, 43.46, 43.68, 1609400]","[43.68, 44.04, 41.66, 42.16, 1890100]","[42.31, 43.9, 42.31, 43.32, 1687800]","[43.46, 45.7, 43.46, 44.4, 1718700]","[44.4, 45.41, 43.39, 44.4, 2635500]","[44.4, 45.34, 43.82, 44.19, 1750500]","[44.19, 45.12, 43.54, 45.12, 1667900]","[45.12, 51.19, 45.12, 50.83, 2857400]","[50.83, 52.42, 50.61, 51.33, 2466000]","[51.56, 52.94, 51.41, 52.65, 1744900]","[52.58, 52.58, 49.38, 49.82, 1403100]","[49.67, 49.67, 47.93, 49.67, 911700]","[49.75, 52.72, 49.75, 51.7, 1026400]","[51.7, 52.72, 51.12, 52.58, 1091500]","[52.58, 52.72, 51.49, 51.85, 1373200]","[51.85, 53.08, 50.91, 51.41, 1261900]","[51.41, 51.78, 49.89, 51.27, 815600]","[51.2, 51.2, 49.6, 50.98, 1163200]","[50.98, 51.85, 50.91, 51.78, 751600]","[51.78, 53.23, 51.78, 52.87, 1575600]","[52.87, 52.87, 49.6, 50.04, 868900]","[50.04, 51.49, 48.22, 48.95, 956300]","[48.95, 49.38, 47.35, 47.35, 1263600]","[47.35, 47.79, 46.34, 47.43, 1012200]","[47.43, 47.64, 46.34, 47.28, 731200]","[47.28, 47.79, 46.34, 47.28, 337200]","[47.43, 49.67, 47.43, 48.15, 1808700]","[48.15, 50.76, 48.08, 49.89, 1110600]","[49.89, 50.04, 49.17, 49.96, 1050800]","[49.96, 50.98, 49.02, 50.98, 1622200]","[51.12, 52.79, 51.12, 52.58, 1283200]","[52.72, 56.49, 52.72, 56.2, 2785500]","[56.2, 56.85, 53.37, 56.78, 2652400]","[56.78, 57.0, 55.26, 56.56, 1630200]","[55.19, 55.19, 51.63, 52.79, 1794700]","[52.79, 55.11, 52.58, 55.04, 1450500]","[55.04, 58.38, 54.68, 58.23, 1656000]","[58.23, 58.45, 55.04, 56.93, 2088100]","[56.93, 58.88, 56.56, 58.81, 1607400]","[58.3, 58.3, 56.49, 57.07, 1077200]","[56.93, 56.93, 54.53, 55.48, 1945400]","[56.2, 58.81, 56.2, 58.38, 1253100]","[58.38, 61.71, 58.23, 60.41, 2071100]","[59.9, 59.9, 56.2, 56.71, 1835200]","[56.71, 57.22, 56.2, 57.07, 1444400]","[58.09, 63.45, 58.09, 62.58, 1745100]","[62.58, 62.58, 60.7, 62.29, 1029700]","[62.29, 62.44, 60.55, 61.86, 1309600]","[61.86, 62.51, 60.26, 62.37, 1121500]","[62.22, 62.22, 60.26, 60.41, 1031900]"
12,HD,"[32.81, 32.81, 32.19, 32.52, 5517300]","[32.77, 34.15, 32.56, 33.57, 5492500]","[33.9, 34.24, 33.82, 33.9, 5266700]","[33.9, 34.15, 33.52, 33.82, 5109900]","[34.07, 35.78, 33.98, 35.45, 7810500]","[35.49, 36.75, 35.45, 36.33, 5222000]","[36.62, 37.46, 36.33, 37.42, 6328100]","[37.0, 37.58, 36.08, 36.66, 7056100]","[37.42, 37.63, 36.66, 37.17, 5346800]","[37.46, 37.46, 36.33, 36.33, 6577700]","[36.58, 37.37, 35.95, 36.87, 4399500]","[36.83, 36.91, 35.32, 35.49, 4102400]","[35.83, 36.04, 35.2, 35.49, 3739300]","[35.58, 37.5, 35.49, 36.83, 5001200]","[36.66, 37.46, 36.33, 37.46, 5557600]","[37.46, 37.46, 35.95, 36.58, 4601800]","[36.45, 36.5, 34.95, 35.74, 5580200]","[36.79, 36.79, 35.91, 36.66, 5173100]","[36.33, 36.83, 36.04, 36.83, 3416400]","[36.24, 36.66, 35.41, 35.45, 4396400]","[36.12, 36.12, 35.2, 35.2, 3095900]","[35.45, 36.66, 35.32, 36.04, 4093700]","[36.04, 38.04, 36.04, 37.21, 5747000]","[36.16, 37.33, 35.58, 35.99, 7223900]","[34.32, 34.61, 33.57, 34.19, 9449800]","[34.19, 34.7, 33.9, 34.07, 2754300]","[34.24, 34.49, 33.65, 33.94, 3018200]","[33.61, 34.32, 32.77, 32.77, 5142600]","[24.94, 25.45, 23.23, 23.35, 66652300]","[23.73, 24.4, 23.35, 24.32, 43718200]","[24.74, 25.24, 24.69, 25.24, 16537300]","[25.11, 25.2, 23.48, 23.52, 13126400]","[23.61, 24.48, 23.27, 24.44, 13906400]","[25.2, 25.95, 24.82, 25.87, 12302400]","[25.87, 27.2, 25.61, 26.41, 9776600]","[27.2, 27.87, 26.83, 27.16, 7514900]","[27.66, 27.66, 25.95, 26.28, 11845200]","[25.95, 26.24, 25.66, 25.7, 6196400]","[25.78, 26.28, 25.74, 26.07, 6469300]","[25.95, 26.66, 25.61, 26.37, 5017600]","[26.62, 28.17, 26.62, 27.41, 8475400]","[28.46, 29.21, 28.13, 28.79, 7567900]","[28.79, 29.67, 28.5, 29.51, 6781100]","[29.3, 29.34, 28.21, 28.63, 8273900]","[28.46, 28.54, 27.33, 27.62, 5857800]","[27.92, 28.13, 27.25, 27.66, 6531600]","[28.13, 28.21, 27.41, 27.71, 3723100]","[28.08, 28.5, 27.62, 27.62, 5220600]","[26.79, 26.87, 25.87, 25.99, 7868600]","[24.78, 25.11, 24.23, 24.27, 12460000]","[23.77, 25.57, 23.73, 25.03, 16025400]","[26.79, 27.29, 26.16, 26.24, 11823600]","[26.79, 27.04, 25.66, 26.53, 10061600]","[26.58, 26.74, 26.24, 26.24, 5515400]","[26.37, 26.62, 25.66, 25.99, 7022900]","[25.99, 26.28, 25.66, 26.03, 5796900]","[26.12, 26.62, 25.03, 25.61, 7188100]","[25.61, 25.66, 24.57, 24.61, 5832700]","[25.78, 25.78, 25.03, 25.11, 3615300]","[26.41, 26.41, 25.61, 25.95, 7418800]","[26.14, 27.15, 25.98, 26.52, 7382700]","[26.9, 27.07, 26.56, 26.81, 7667000]","[26.65, 26.81, 25.98, 26.27, 7619600]","[26.31, 26.86, 26.1, 26.1, 5532200]","[26.14, 27.44, 25.98, 27.32, 8811100]","[27.23, 29.5, 26.73, 29.5, 12795600]","[30.67, 30.71, 29.66, 30.21, 18096600]","[30.21, 30.88, 29.87, 30.12, 10976300]","[30.79, 31.8, 30.33, 31.67, 10211000]","[30.79, 31.55, 30.08, 30.25, 9399800]","[29.83, 30.5, 29.75, 30.17, 6589300]","[30.25, 30.42, 29.58, 30.29, 6351200]","[29.91, 30.12, 29.33, 29.41, 5402100]","[28.32, 28.66, 27.74, 28.11, 11467700]","[29.03, 29.91, 28.99, 29.58, 7372200]","[29.83, 29.96, 28.45, 28.57, 7366700]","[27.65, 28.15, 26.94, 27.57, 7784300]","[27.53, 29.58, 27.48, 28.74, 10168700]","[28.74, 29.66, 26.81, 27.9, 10621200]","[27.65, 28.11, 26.81, 27.27, 6407000]","[27.32, 28.95, 27.23, 28.66, 7302000]","[28.82, 29.79, 28.7, 29.24, 4983300]","[29.29, 31.46, 29.24, 30.63, 7949100]"
13,INTC,"[48.51, 48.55, 47.1, 47.42, 18322000]","[45.58, 45.78, 43.77, 44.42, 58396000]","[43.65, 43.94, 41.69, 42.14, 62344900]","[42.72, 44.06, 42.49, 43.25, 34716000]","[43.09, 43.25, 41.65, 41.93, 29681800]","[42.05, 42.89, 41.01, 41.49, 30507800]","[41.73, 42.93, 41.41, 41.65, 28997300]","[39.57, 40.61, 38.8, 39.29, 70068400]","[40.09, 40.33, 38.0, 38.24, 50489200]","[38.28, 38.4, 36.32, 36.89, 75675900]","[37.44, 38.0, 35.6, 35.8, 50767100]","[36.68, 38.8, 36.44, 38.72, 58855100]","[39.29, 40.73, 38.76, 40.45, 70335900]","[39.81, 40.37, 38.72, 39.44, 57112300]","[29.99, 31.75, 29.82, 30.75, 308734400]","[32.11, 32.2, 28.7, 29.1, 130214700]","[29.78, 29.82, 27.46, 27.78, 112681600]","[28.62, 29.3, 27.86, 28.14, 80365100]","[28.3, 28.58, 27.89, 28.5, 66739000]","[28.1, 28.14, 26.54, 26.66, 72985600]","[27.54, 27.54, 25.58, 25.74, 66785700]","[26.79, 27.26, 25.74, 25.86, 81206500]","[26.3, 27.42, 26.14, 26.94, 63726000]","[27.02, 27.18, 25.98, 26.3, 52072400]","[26.54, 27.1, 25.17, 25.62, 69734600]","[25.94, 26.0, 24.37, 25.05, 56544700]","[25.13, 25.78, 24.01, 24.09, 68882800]","[23.73, 24.45, 22.45, 22.69, 122056600]","[23.81, 24.69, 22.45, 23.81, 100212800]","[23.8, 26.14, 23.69, 25.9, 80908800]","[25.09, 25.13, 22.69, 22.89, 92057900]","[23.33, 23.49, 22.45, 23.21, 78642100]","[23.25, 25.54, 22.61, 24.49, 16790000]","[26.95, 27.14, 26.22, 26.9, 64250700]","[26.7, 28.46, 26.54, 27.62, 59899600]","[28.02, 28.86, 27.18, 27.78, 43746200]","[27.98, 28.54, 26.7, 26.94, 46937000]","[26.94, 27.94, 26.39, 26.5, 53225900]","[26.94, 28.86, 26.74, 28.66, 50811900]","[29.42, 30.15, 28.76, 29.74, 50197800]","[29.47, 29.58, 28.14, 28.86, 49111200]","[29.3, 30.11, 28.66, 28.86, 55793900]","[28.42, 29.86, 28.34, 28.78, 47654600]","[29.82, 30.71, 29.74, 29.94, 65511800]","[30.24, 30.32, 29.2, 29.48, 31103600]","[29.92, 30.4, 29.76, 29.88, 24583500]","[30.0, 30.04, 29.08, 29.64, 21043200]","[29.68, 29.72, 27.23, 27.39, 38074100]","[27.15, 27.19, 25.63, 26.55, 48864700]","[24.38, 25.02, 23.74, 23.74, 94080100]","[23.74, 25.51, 23.1, 24.5, 81393300]","[25.99, 26.47, 25.31, 26.27, 48677100]","[26.75, 27.51, 26.15, 26.63, 41961500]","[26.47, 27.55, 25.52, 25.67, 39523700]","[25.75, 26.79, 25.35, 26.63, 40986100]","[26.31, 27.55, 26.07, 26.39, 37495900]","[27.23, 27.83, 26.59, 27.35, 36760300]","[27.11, 28.15, 26.35, 26.43, 36702700]","[27.47, 28.23, 26.95, 28.19, 20684000]","[29.16, 30.0, 28.07, 28.19, 52923300]","[27.71, 28.63, 26.95, 26.97, 49700800]","[27.19, 27.91, 26.27, 27.43, 61411300]","[24.7, 24.98, 23.62, 24.42, 78955300]","[24.7, 24.7, 21.7, 21.9, 1155400]","[22.54, 22.68, 20.57, 21.13, 82755800]","[22.22, 23.42, 21.82, 23.1, 75071400]","[22.66, 22.66, 20.05, 20.37, 102012000]","[20.81, 21.34, 20.17, 20.73, 68263600]","[22.3, 22.38, 21.17, 21.82, 88021400]","[22.54, 24.5, 22.02, 24.02, 73069600]","[23.7, 24.33, 23.34, 23.42, 48167200]","[24.22, 24.3, 22.58, 22.78, 48719800]","[22.82, 23.5, 22.14, 22.54, 33708000]","[22.18, 22.3, 20.73, 20.81, 80843900]","[21.94, 22.14, 20.8, 21.34, 38556100]","[21.66, 23.26, 21.38, 21.46, 54732300]","[21.13, 21.9, 20.21, 20.49, 63150800]","[20.53, 22.11, 20.29, 21.26, 51590000]","[21.58, 22.46, 20.53, 21.13, 45424100]","[21.26, 21.74, 20.53, 21.09, 28436200]","[20.97, 21.62, 20.73, 20.89, 33621500]","[20.61, 20.97, 19.29, 19.85, 49339500]","[19.85, 20.17, 19.13, 19.29, 54053600]"
14,IBM,"[87.04, 88.26, 86.75, 87.41, 5776300]","[86.87, 87.2, 85.57, 85.81, 4112100]","[85.61, 88.22, 85.28, 85.98, 6473000]","[86.26, 87.98, 86.26, 87.24, 4622800]","[86.67, 86.96, 84.63, 84.71, 4993700]","[83.64, 83.89, 80.86, 81.44, 7617700]","[81.64, 82.99, 81.15, 81.76, 5001700]","[80.54, 84.26, 80.29, 83.52, 5473600]","[83.73, 84.5, 82.62, 82.99, 4425500]","[82.95, 83.24, 81.6, 81.76, 5481700]","[81.93, 82.42, 80.5, 80.62, 3932800]","[80.29, 82.58, 80.17, 81.72, 3341000]","[81.56, 82.79, 80.78, 81.6, 4623400]","[81.23, 82.87, 78.49, 79.47, 4302200]","[80.46, 81.31, 79.35, 81.03, 5930100]","[81.44, 82.83, 79.15, 80.46, 4291000]","[78.49, 79.72, 77.43, 77.92, 6217200]","[78.53, 78.7, 75.55, 77.19, 5948900]","[76.78, 77.76, 75.22, 75.39, 5309100]","[75.55, 76.49, 72.12, 73.67, 9594600]","[73.67, 78.25, 73.67, 77.06, 8872200]","[77.76, 78.08, 71.95, 72.32, 11744200]","[72.2, 75.14, 71.01, 74.81, 11668900]","[74.45, 74.94, 72.97, 74.04, 5547000]","[74.57, 75.96, 73.75, 75.88, 6108400]","[75.84, 78.08, 74.77, 77.14, 4898000]","[76.29, 76.61, 73.55, 75.14, 5614200]","[73.18, 73.87, 70.32, 73.26, 8775800]","[74.73, 74.81, 67.46, 67.46, 9704900]","[68.15, 72.24, 68.15, 71.34, 9092600]","[72.93, 74.0, 71.01, 72.69, 7710400]","[73.22, 74.49, 71.01, 73.91, 8882500]","[63.29, 64.84, 59.03, 62.43, 29777800]","[64.1, 64.43, 60.63, 63.08, 17966900]","[62.22, 62.96, 61.61, 61.98, 9369200]","[61.98, 62.14, 59.57, 60.75, 9338600]","[60.83, 61.73, 58.99, 59.81, 8826200]","[59.2, 59.48, 56.87, 57.28, 14058500]","[57.56, 60.75, 57.32, 60.67, 10135700]","[60.83, 61.28, 59.52, 61.28, 6431400]","[61.16, 61.32, 59.07, 61.04, 8084000]","[61.32, 64.84, 61.32, 64.43, 10902600]","[64.39, 65.33, 63.61, 64.47, 7466200]","[64.76, 66.92, 64.43, 66.68, 7445100]","[67.05, 67.13, 65.0, 65.49, 5848500]","[65.33, 66.97, 65.04, 65.62, 4448500]","[66.15, 67.7, 65.86, 66.92, 5420600]","[67.87, 67.95, 65.0, 65.49, 6990800]","[63.37, 65.49, 62.67, 65.13, 9047900]","[64.18, 64.43, 60.91, 60.91, 6807900]","[60.13, 65.13, 60.01, 63.82, 8684900]","[65.0, 65.41, 64.51, 65.17, 5150900]","[65.17, 65.54, 63.94, 65.09, 4160300]","[65.0, 65.29, 64.35, 64.35, 3739700]","[64.39, 67.13, 64.35, 66.76, 7717400]","[66.48, 67.62, 66.07, 67.62, 7426600]","[67.62, 68.36, 64.51, 64.51, 7180700]","[64.51, 66.03, 64.39, 64.51, 5537100]","[65.09, 66.64, 65.0, 65.45, 2497500]","[65.78, 66.8, 64.47, 64.47, 3866200]","[64.68, 65.99, 63.78, 64.1, 4799100]","[64.02, 65.45, 63.33, 65.37, 5524600]","[64.18, 64.18, 60.42, 61.24, 10651400]","[61.85, 65.04, 61.81, 62.63, 7525100]","[62.87, 64.96, 62.71, 64.43, 5566800]","[65.78, 68.61, 65.25, 67.71, 7804200]","[66.64, 66.68, 62.1, 63.37, 10096900]","[62.26, 62.83, 60.99, 60.99, 7922000]","[64.18, 64.84, 62.71, 63.53, 6140600]","[63.2, 64.35, 61.4, 62.22, 6185600]","[62.38, 62.96, 60.58, 61.48, 7913300]","[62.14, 63.28, 59.4, 59.76, 6992600]","[60.26, 61.36, 60.13, 60.54, 6131400]","[58.95, 59.4, 57.19, 57.51, 14254500]","[57.88, 59.27, 57.88, 59.27, 7693800]","[59.07, 61.85, 58.82, 59.03, 7705300]","[56.24, 57.64, 55.55, 56.33, 12579400]","[56.0, 57.59, 52.44, 53.42, 12725500]","[55.34, 58.54, 55.34, 58.29, 9514000]","[58.29, 58.66, 55.18, 55.55, 6052300]","[55.51, 57.72, 54.73, 55.47, 8245100]","[54.69, 57.76, 53.79, 55.83, 9798600]","[56.94, 56.94, 55.18, 55.67, 6943700]"
15,JNJ,"[27.63, 27.76, 27.45, 27.67, 3040400]","[27.67, 27.91, 27.28, 27.86, 5298200]","[28.08, 28.08, 27.8, 27.86, 5614400]","[27.88, 28.04, 27.67, 27.91, 2638400]","[27.78, 28.23, 27.78, 28.22, 3808400]","[28.29, 28.51, 28.29, 28.39, 4095000]","[28.72, 28.87, 28.49, 28.87, 3917400]","[28.87, 29.22, 28.85, 29.16, 4894200]","[29.15, 29.15, 28.62, 28.66, 4159200]","[28.51, 28.66, 28.36, 28.38, 6264800]","[27.71, 28.01, 27.45, 27.52, 7642800]","[27.43, 27.63, 27.24, 27.43, 3938400]","[27.45, 27.71, 26.98, 27.21, 5457400]","[27.2, 28.23, 27.2, 28.16, 5849600]","[28.53, 28.85, 28.26, 28.64, 5515400]","[28.62, 28.81, 28.32, 28.64, 3978200]","[28.62, 28.77, 27.95, 28.23, 4552200]","[28.21, 28.59, 27.91, 28.41, 4307800]","[28.47, 28.81, 27.76, 27.89, 6301200]","[27.86, 28.44, 27.71, 28.06, 5261600]","[28.14, 28.16, 27.56, 27.84, 4207200]","[27.8, 28.03, 27.47, 27.63, 4397600]","[27.48, 28.01, 26.98, 26.98, 6850000]","[27.33, 28.01, 27.22, 27.8, 6472200]","[27.76, 28.12, 27.26, 27.58, 4672800]","[27.58, 27.78, 27.26, 27.28, 2914000]","[27.6, 28.38, 27.35, 28.27, 6103600]","[28.44, 28.75, 28.19, 28.68, 7882200]","[28.62, 29.13, 28.27, 28.98, 9278600]","[29.02, 29.13, 28.57, 28.62, 9105600]","[28.62, 29.07, 28.49, 28.96, 5601600]","[28.68, 29.11, 28.49, 29.0, 9024200]","[28.53, 28.9, 28.1, 28.16, 7048800]","[27.63, 27.95, 27.15, 27.41, 10959000]","[27.33, 27.71, 27.2, 27.45, 6252000]","[27.48, 27.89, 27.35, 27.35, 7210800]","[27.37, 27.61, 27.07, 27.39, 6149600]","[27.39, 28.36, 27.35, 28.06, 7639600]","[28.01, 28.34, 27.8, 27.82, 4969400]","[27.76, 28.03, 27.56, 27.71, 3907000]","[27.97, 28.25, 27.73, 28.19, 4388000]","[28.04, 28.04, 27.33, 27.52, 6975600]","[27.48, 27.54, 26.66, 27.19, 9446400]","[27.33, 27.35, 26.64, 26.85, 9387600]","[26.96, 27.54, 26.68, 27.39, 5832600]","[27.5, 27.76, 27.33, 27.5, 5822600]","[27.48, 27.75, 27.11, 27.52, 4922600]","[27.76, 28.31, 27.76, 27.91, 6136200]","[27.91, 28.18, 27.19, 27.95, 5666200]","[27.89, 28.51, 27.75, 28.21, 6069600]","[28.14, 28.47, 27.56, 27.8, 6359800]","[27.76, 28.27, 27.45, 28.27, 5344400]","[28.16, 28.38, 28.01, 28.38, 4185600]","[28.38, 28.4, 27.89, 28.14, 3592400]","[28.48, 28.65, 28.35, 28.61, 5291800]","[28.61, 29.16, 28.61, 28.93, 5508000]","[29.03, 29.44, 28.8, 29.4, 7234000]","[28.88, 29.25, 28.72, 29.03, 5494600]","[29.03, 29.03, 28.27, 28.59, 2997800]","[28.69, 29.33, 28.37, 29.29, 5477400]","[29.46, 30.12, 29.33, 30.12, 11185200]","[29.97, 30.32, 29.97, 30.15, 7549200]","[30.15, 30.98, 30.0, 30.08, 14928000]","[29.85, 30.08, 29.08, 29.4, 10424600]","[28.84, 30.08, 28.84, 29.95, 6062400]","[30.0, 30.0, 29.4, 29.93, 6261600]","[29.4, 29.7, 28.74, 28.91, 8371800]","[29.33, 29.48, 28.93, 29.19, 4996400]","[28.76, 29.23, 28.76, 28.99, 6373800]","[28.88, 29.18, 28.65, 28.76, 5833600]","[28.74, 29.48, 28.72, 29.18, 6525000]","[29.48, 29.97, 29.36, 29.68, 7535600]","[29.7, 29.91, 29.38, 29.85, 7001200]","[29.85, 30.08, 29.65, 29.65, 11591600]","[29.65, 29.83, 29.27, 29.65, 5875200]","[29.66, 30.06, 29.65, 29.83, 4503400]","[29.91, 30.59, 29.89, 30.27, 9601800]","[30.15, 30.66, 30.08, 30.38, 10899600]","[30.51, 30.68, 30.27, 30.53, 6980400]","[30.53, 30.94, 30.49, 30.79, 3508000]","[30.53, 31.51, 30.53, 30.98, 5949200]","[31.06, 31.73, 31.06, 31.51, 6642200]","[31.53, 31.86, 31.43, 31.6, 4962200]"
16,JPM,"[31.87, 31.94, 30.99, 31.65, 5478500]","[31.72, 32.36, 31.58, 32.11, 4851200]","[32.18, 32.74, 31.34, 31.48, 6821900]","[31.79, 32.22, 31.44, 32.18, 3495800]","[31.97, 32.78, 31.9, 32.5, 4496500]","[32.32, 32.81, 31.76, 32.32, 5219500]","[32.46, 32.57, 29.23, 29.69, 7314600]","[28.32, 28.77, 27.9, 28.49, 42585300]","[29.23, 29.23, 28.07, 28.11, 20361300]","[28.28, 28.28, 27.23, 27.61, 14822300]","[27.61, 27.61, 26.17, 26.17, 15120400]","[26.24, 26.84, 26.1, 26.35, 15642000]","[26.31, 26.45, 25.65, 26.14, 12493000]","[26.14, 26.17, 25.08, 25.08, 12166800]","[25.15, 26.74, 25.05, 26.56, 17425600]","[26.7, 27.37, 26.42, 26.42, 11709900]","[26.63, 26.95, 25.72, 25.89, 8176500]","[26.1, 26.38, 25.44, 25.58, 7879200]","[25.47, 26.45, 25.37, 26.35, 9307900]","[26.07, 26.77, 25.96, 25.96, 8576500]","[26.21, 26.7, 26.03, 26.7, 7138200]","[26.77, 27.05, 26.17, 26.28, 9742300]","[26.25, 26.42, 25.72, 25.79, 6363900]","[25.82, 26.28, 25.05, 25.15, 9189200]","[25.19, 25.47, 23.63, 24.27, 13400700]","[24.41, 24.48, 23.74, 23.81, 6499500]","[23.81, 24.05, 22.78, 23.1, 11926200]","[22.71, 23.17, 22.0, 23.03, 16885900]","[22.71, 22.78, 21.19, 21.4, 14847200]","[21.44, 22.71, 21.37, 22.46, 14143700]","[22.75, 23.03, 21.93, 22.39, 8405600]","[22.64, 22.92, 21.37, 21.47, 8318700]","[18.96, 21.58, 18.32, 20.87, 29641500]","[21.58, 22.71, 21.58, 22.04, 14981100]","[21.9, 22.29, 21.58, 21.72, 7559300]","[21.61, 21.93, 21.47, 21.72, 5240100]","[21.61, 22.82, 21.58, 22.68, 10595900]","[22.68, 23.45, 22.5, 22.64, 9256100]","[23.03, 23.17, 22.0, 22.64, 10398700]","[22.92, 24.3, 22.82, 24.16, 9867500]","[24.23, 24.87, 24.23, 24.76, 7884900]","[25.36, 26.0, 24.97, 25.75, 13186900]","[25.75, 25.93, 25.19, 25.86, 8789400]","[25.86, 26.32, 25.68, 25.75, 6435700]","[25.79, 25.79, 24.97, 25.15, 5879800]","[25.4, 25.86, 25.22, 25.75, 4568100]","[25.54, 25.68, 25.26, 25.43, 4101800]","[25.43, 25.43, 24.48, 24.66, 5754400]","[24.37, 25.08, 24.09, 24.97, 6306500]","[24.69, 25.22, 24.23, 24.23, 4465600]","[23.7, 24.13, 23.06, 23.84, 6041800]","[24.23, 24.44, 23.63, 24.09, 6506300]","[23.81, 24.23, 22.99, 23.06, 8300500]","[23.13, 23.63, 22.96, 23.13, 6940400]","[23.17, 23.21, 22.14, 22.43, 8358900]","[22.5, 22.6, 21.58, 21.83, 7421300]","[21.83, 22.25, 21.37, 21.9, 6202100]","[21.68, 21.72, 20.94, 21.19, 6600100]","[21.47, 22.18, 21.4, 22.14, 3835500]","[22.32, 22.75, 22.18, 22.29, 10451600]","[22.32, 22.71, 21.19, 21.51, 13168300]","[21.15, 21.83, 21.05, 21.47, 9867200]","[21.05, 21.65, 20.06, 20.87, 15472400]","[21.01, 21.9, 20.98, 21.12, 9448300]","[21.15, 21.72, 20.87, 21.47, 6819200]","[21.86, 23.45, 21.54, 23.38, 13818600]","[23.35, 24.48, 22.11, 22.68, 19776900]","[22.32, 22.89, 21.68, 22.18, 9650300]","[22.82, 23.13, 22.43, 22.64, 8411700]","[22.78, 24.13, 22.68, 24.05, 9131000]","[24.05, 24.73, 23.74, 24.34, 7843400]","[24.87, 25.29, 24.69, 25.19, 10288900]","[23.95, 24.87, 23.42, 24.27, 16122600]","[23.77, 24.87, 23.7, 24.87, 11412000]","[24.9, 25.68, 24.8, 25.68, 13271000]","[25.33, 26.0, 24.87, 25.36, 13078000]","[25.36, 25.36, 24.48, 24.62, 6853300]","[24.59, 25.89, 24.59, 25.58, 8796400]","[25.72, 26.25, 25.47, 25.82, 7098600]","[25.82, 26.18, 25.58, 25.89, 4832200]","[25.51, 26.32, 25.36, 26.25, 7452200]","[26.14, 26.85, 26.0, 26.57, 6397400]","[26.57, 26.92, 25.08, 25.72, 9657000]"
17,MCD,"[17.84, 18.07, 17.62, 17.77, 4717000]","[17.77, 17.92, 17.66, 17.84, 5208100]","[17.77, 18.22, 17.77, 18.11, 4009200]","[18.18, 18.26, 17.47, 17.73, 6629500]","[17.62, 17.77, 16.98, 17.28, 6268100]","[17.28, 17.32, 16.87, 17.06, 4514600]","[16.94, 17.77, 16.72, 17.43, 11730400]","[17.69, 17.73, 16.23, 16.34, 7816400]","[16.68, 16.68, 15.85, 16.38, 17827100]","[17.32, 17.32, 16.27, 16.83, 10175900]","[16.79, 17.17, 16.49, 17.13, 5527900]","[17.13, 17.21, 16.57, 16.76, 5110200]","[16.76, 16.79, 16.23, 16.64, 4793200]","[16.72, 16.98, 16.23, 16.23, 4128100]","[17.24, 17.6, 16.94, 17.24, 6886900]","[17.58, 17.69, 17.39, 17.69, 4416800]","[17.73, 18.11, 17.69, 17.96, 5603100]","[17.81, 17.99, 17.73, 17.96, 3542400]","[17.99, 18.18, 17.92, 17.96, 3317900]","[18.15, 18.26, 17.88, 18.15, 3074500]","[18.3, 18.3, 18.03, 18.07, 2161800]","[18.11, 18.33, 17.99, 18.18, 3047300]","[18.22, 18.33, 17.96, 18.03, 2199700]","[18.18, 18.3, 17.84, 18.11, 5717500]","[17.96, 18.22, 17.69, 17.96, 3540600]","[18.03, 18.11, 17.73, 18.07, 2179400]","[18.22, 18.26, 17.99, 17.99, 1944800]","[18.03, 18.3, 17.99, 18.03, 2424100]","[17.88, 17.92, 16.79, 17.06, 5741500]","[17.02, 17.54, 16.83, 17.36, 2707100]","[17.69, 17.69, 17.32, 17.43, 2694800]","[17.06, 17.13, 16.6, 16.83, 4310200]","[17.06, 17.13, 16.72, 16.87, 3077800]","[17.36, 17.36, 16.57, 16.76, 6460600]","[17.13, 17.21, 16.91, 16.98, 5199500]","[17.39, 17.54, 17.32, 17.51, 3610200]","[17.62, 17.81, 17.32, 17.51, 5020500]","[17.36, 17.58, 17.32, 17.43, 4246900]","[17.24, 17.54, 17.21, 17.39, 4074800]","[17.24, 17.88, 17.24, 17.88, 3743900]","[17.84, 18.82, 17.69, 18.75, 5916900]","[18.86, 18.93, 18.45, 18.63, 4047100]","[18.48, 19.05, 18.41, 19.01, 3181300]","[18.9, 19.23, 18.82, 19.2, 3065700]","[19.2, 19.61, 19.05, 19.46, 3794400]","[19.23, 19.38, 19.05, 19.23, 2440600]","[19.12, 19.42, 18.97, 19.08, 2333600]","[18.97, 19.08, 18.78, 19.01, 2728400]","[18.93, 19.16, 18.75, 19.08, 2431100]","[18.86, 19.99, 18.82, 19.87, 6093400]","[19.51, 20.15, 19.47, 20.0, 4603700]","[20.0, 20.27, 19.85, 20.23, 4011100]","[20.15, 20.42, 20.12, 20.15, 3670200]","[20.23, 20.23, 19.78, 19.78, 2587800]","[19.66, 20.23, 19.66, 20.23, 3465000]","[19.66, 20.49, 19.66, 20.27, 3091600]","[20.31, 20.57, 20.08, 20.53, 2471800]","[20.15, 20.84, 20.15, 20.72, 3043000]","[20.23, 20.57, 20.23, 20.38, 1475500]","[20.04, 20.19, 19.06, 19.32, 5253000]","[19.13, 19.4, 18.68, 18.91, 5332000]","[18.94, 20.12, 18.91, 19.66, 5271600]","[19.74, 19.93, 19.06, 19.28, 3794900]","[19.44, 19.44, 18.53, 18.72, 5264000]","[18.45, 19.13, 18.42, 19.02, 2857900]","[18.91, 18.91, 18.23, 18.45, 3762800]","[18.26, 18.45, 17.58, 17.92, 4859100]","[17.85, 18.53, 17.73, 18.3, 3239200]","[18.15, 18.23, 17.39, 17.85, 5463100]","[17.7, 18.23, 17.55, 18.11, 12259000]","[18.45, 18.87, 18.38, 18.68, 9798200]","[18.83, 19.06, 18.49, 18.83, 7453800]","[18.76, 19.21, 18.6, 19.1, 5369000]","[19.06, 19.51, 19.02, 19.06, 7806700]","[19.28, 19.7, 19.17, 19.55, 3202600]","[19.66, 20.08, 19.59, 19.89, 4633800]","[19.59, 19.81, 18.98, 18.98, 5257300]","[19.32, 19.78, 19.25, 19.78, 4297600]","[19.66, 20.0, 19.32, 19.78, 3214200]","[19.74, 19.81, 19.4, 19.66, 3365100]","[19.55, 20.04, 19.44, 20.04, 3865600]","[19.85, 20.57, 19.63, 20.49, 3539400]","[20.46, 20.87, 20.31, 20.57, 3338200]"
18,MRK,"[33.07, 33.58, 33.07, 33.13, 3626500]","[32.08, 32.77, 31.6, 32.15, 5885200]","[32.38, 32.59, 31.27, 31.6, 4766500]","[31.24, 32.38, 31.12, 32.2, 5074700]","[32.2, 32.8, 31.78, 32.34, 4810400]","[32.32, 32.71, 32.23, 32.53, 2633100]","[32.38, 32.65, 32.14, 32.42, 2940300]","[32.62, 33.04, 32.38, 32.72, 3446400]","[32.59, 32.68, 31.9, 32.35, 3125900]","[32.2, 32.62, 31.96, 32.17, 5327000]","[32.17, 32.44, 32.08, 32.14, 2419500]","[32.29, 32.98, 32.08, 32.71, 3270300]","[32.95, 32.98, 32.02, 32.51, 3723100]","[32.56, 33.67, 32.5, 33.58, 4322300]","[34.3, 35.13, 34.24, 35.05, 6371400]","[34.78, 35.05, 34.51, 34.6, 3997700]","[34.18, 34.42, 33.64, 33.64, 4353900]","[33.94, 34.96, 33.61, 34.9, 4091000]","[34.78, 35.37, 34.78, 35.02, 5549300]","[35.43, 35.85, 35.4, 35.64, 5181300]","[35.58, 35.73, 35.22, 35.43, 4408700]","[35.64, 35.67, 34.9, 35.43, 4873600]","[35.85, 35.91, 35.19, 35.22, 5067900]","[35.49, 36.09, 35.49, 36.06, 4273600]","[35.91, 36.51, 35.25, 36.42, 4797500]","[36.51, 36.72, 35.64, 36.06, 4131200]","[36.15, 37.2, 36.15, 36.81, 6121300]","[36.87, 37.26, 36.42, 36.63, 5655100]","[36.63, 37.2, 36.18, 36.96, 6409700]","[36.93, 36.93, 35.82, 36.48, 5299300]","[36.15, 36.9, 36.06, 36.81, 4286100]","[36.36, 37.44, 36.36, 37.44, 5348300]","[37.26, 37.53, 36.45, 37.44, 5852600]","[36.96, 37.29, 36.51, 37.14, 5114600]","[38.1, 39.26, 37.62, 39.2, 11682300]","[39.86, 40.94, 39.68, 40.58, 11675400]","[40.25, 40.94, 40.22, 40.91, 6955900]","[40.7, 41.84, 40.52, 41.81, 8382500]","[41.39, 41.9, 41.06, 41.51, 6974000]","[41.15, 42.14, 41.0, 42.14, 8453700]","[41.96, 43.1, 41.84, 42.47, 8892300]","[42.47, 43.1, 41.87, 43.07, 8822300]","[43.1, 43.54, 42.53, 42.98, 9153000]","[42.71, 42.77, 42.08, 42.68, 6408500]","[42.14, 42.32, 41.33, 42.08, 7044500]","[41.54, 43.33, 41.54, 43.1, 7496000]","[42.86, 43.22, 41.57, 41.6, 6510500]","[42.62, 43.9, 42.62, 43.48, 12553800]","[43.33, 43.54, 42.14, 43.3, 8412600]","[43.07, 44.41, 43.04, 43.81, 6673100]","[43.22, 43.54, 42.26, 42.8, 9134800]","[42.47, 43.93, 42.29, 43.6, 7130400]","[43.45, 44.14, 43.28, 43.87, 6268700]","[43.84, 44.23, 42.89, 43.19, 4490200]","[42.92, 43.54, 41.84, 42.38, 7215200]","[42.17, 43.63, 42.14, 43.28, 6155800]","[43.54, 44.14, 43.45, 44.05, 5417200]","[43.39, 43.96, 42.5, 43.42, 6729600]","[43.04, 43.75, 42.68, 42.83, 2006800]","[43.01, 44.2, 42.65, 43.87, 5364400]","[44.02, 44.5, 43.72, 44.35, 5120300]","[44.53, 45.58, 44.53, 45.43, 8328000]","[45.85, 46.3, 44.17, 44.38, 9125500]","[43.81, 44.08, 42.68, 43.39, 7578800]","[42.38, 44.5, 42.38, 44.02, 6137100]","[44.29, 44.29, 42.35, 43.1, 7899400]","[42.84, 43.5, 42.54, 43.05, 5764200]","[43.5, 43.95, 42.96, 43.77, 4312600]","[43.26, 43.86, 42.63, 43.05, 6691800]","[43.26, 43.92, 43.17, 43.56, 4883300]","[43.59, 44.01, 43.5, 43.92, 6060400]","[43.68, 44.34, 43.65, 44.22, 7350100]","[43.89, 44.1, 43.59, 43.74, 3592100]","[43.74, 44.22, 43.2, 43.44, 10666400]","[43.26, 43.47, 42.69, 42.93, 4996300]","[42.36, 44.37, 42.36, 43.98, 5052700]","[44.7, 45.72, 44.43, 44.88, 9651900]","[44.7, 45.0, 43.74, 44.46, 7347300]","[44.64, 44.64, 43.38, 43.5, 4879400]","[43.68, 44.82, 43.47, 44.55, 3636300]","[44.58, 45.51, 44.52, 44.55, 5028300]","[45.0, 45.54, 44.91, 45.54, 3131600]","[45.66, 46.11, 44.91, 45.0, 3737100]"
19,MSFT,"[22.46, 22.66, 22.36, 22.52, 37629800]","[22.46, 22.68, 22.4, 22.5, 50755200]","[22.48, 22.68, 22.24, 22.28, 62960800]","[22.46, 23.12, 22.28, 22.48, 111711200]","[22.58, 22.74, 22.2, 22.24, 56709600]","[22.18, 22.36, 21.83, 22.08, 48495200]","[22.06, 22.24, 21.69, 21.85, 46781200]","[21.67, 22.06, 21.55, 21.89, 40744800]","[22.04, 22.06, 21.07, 21.11, 78503000]","[20.99, 21.05, 20.31, 20.59, 99915200]","[20.61, 20.73, 19.95, 20.21, 69037800]","[20.41, 21.09, 20.33, 20.85, 79311200]","[20.81, 20.85, 20.27, 20.61, 67791400]","[20.53, 20.89, 20.39, 20.59, 48952200]","[19.61, 20.37, 19.57, 20.29, 84476600]","[20.29, 20.37, 19.39, 19.65, 53484200]","[19.55, 21.13, 19.39, 20.11, 155704800]","[20.35, 20.39, 19.19, 19.45, 106155600]","[19.51, 19.85, 19.45, 19.67, 52360400]","[19.57, 19.67, 18.81, 19.35, 74053600]","[19.41, 19.51, 18.69, 18.97, 58562400]","[19.11, 19.19, 18.13, 18.15, 85374000]","[18.09, 18.15, 17.48, 17.78, 136453400]","[17.8, 18.37, 17.72, 17.76, 81099400]","[17.9, 18.21, 17.56, 17.82, 61794000]","[17.84, 17.88, 17.0, 17.38, 58323600]","[17.3, 17.82, 17.26, 17.5, 62066200]","[17.32, 18.27, 17.32, 17.88, 101205800]","[18.07, 18.25, 17.26, 17.44, 90219600]","[17.28, 17.6, 16.72, 17.24, 104521200]","[17.16, 17.26, 15.9, 16.16, 119759000]","[16.64, 16.82, 16.12, 16.18, 81276600]","[15.92, 17.08, 15.54, 16.6, 110536400]","[18.75, 19.95, 18.61, 19.85, 256993200]","[19.67, 21.21, 19.61, 20.91, 160378600]","[20.73, 21.25, 19.47, 19.93, 185170400]","[20.09, 20.19, 19.31, 19.73, 94427400]","[19.87, 20.35, 19.39, 19.65, 167603800]","[19.57, 20.87, 19.51, 20.67, 114826600]","[20.75, 22.2, 20.73, 21.71, 124292400]","[21.65, 22.5, 21.61, 22.16, 110057600]","[22.14, 22.3, 21.81, 22.1, 104474000]","[21.97, 22.48, 21.95, 22.34, 81309400]","[22.58, 22.73, 22.34, 22.56, 77985200]","[22.22, 22.34, 21.83, 21.89, 68711000]","[22.04, 22.5, 21.89, 22.3, 74851400]","[22.38, 23.06, 22.3, 22.62, 104331200]","[22.82, 23.22, 21.81, 22.28, 206149400]","[21.97, 22.88, 21.95, 22.74, 91058600]","[22.44, 22.56, 21.43, 21.61, 93744400]","[21.39, 21.85, 20.66, 21.31, 83364800]","[21.81, 22.4, 21.59, 22.08, 84218600]","[22.16, 22.74, 22.04, 22.48, 60422200]","[22.28, 22.94, 22.12, 22.12, 92128600]","[22.28, 22.46, 21.75, 22.16, 106525600]","[21.85, 21.97, 21.03, 21.55, 80157200]","[21.61, 22.22, 21.61, 21.73, 59487600]","[21.19, 22.3, 21.17, 21.89, 76343200]","[22.14, 22.6, 21.97, 22.44, 34439200]","[22.92, 23.18, 22.66, 22.68, 85307600]","[22.26, 22.38, 21.43, 21.49, 127446200]","[21.43, 21.53, 20.29, 20.87, 98280400]","[19.89, 19.91, 18.29, 18.41, 197200800]","[18.63, 19.45, 17.98, 18.17, 109809800]","[18.37, 18.93, 17.7, 18.11, 80407200]","[18.99, 19.41, 18.69, 19.21, 101734400]","[19.25, 19.27, 17.98, 18.19, 90560800]","[17.14, 17.32, 16.76, 17.04, 145308400]","[17.52, 17.92, 17.14, 17.46, 120939800]","[17.8, 18.85, 17.64, 18.63, 95576200]","[18.55, 19.25, 18.21, 18.73, 63106000]","[19.41, 19.41, 18.23, 18.37, 98360400]","[18.59, 18.84, 17.76, 17.8, 71201400]","[16.38, 16.68, 15.32, 15.78, 116899800]","[15.72, 16.04, 15.08, 15.34, 107187400]","[15.22, 15.4, 14.28, 14.38, 120271800]","[13.73, 14.12, 13.27, 13.31, 149037800]","[13.07, 14.48, 12.93, 13.93, 163173000]","[14.36, 15.12, 14.36, 14.9, 109551800]","[15.04, 15.58, 14.72, 15.04, 66941600]","[14.8, 15.02, 14.44, 14.9, 69003800]","[14.48, 14.84, 14.08, 14.3, 77619200]","[14.1, 14.7, 13.79, 13.91, 99977600]"
20,ALD,,,,,,,,,,,,,,,,,,,,,,,,,,,,,,,,,,,,,,,,,,,,,,,,,,,,,,,,,,,,,,,,,,,,,,,,,,,,,,,,,,,
21,T,"[16.29, 16.41, 15.88, 16.33, 5129300]","[16.38, 16.48, 16.19, 16.43, 3636400]","[16.45, 16.74, 16.26, 16.31, 4744400]","[16.29, 16.41, 16.21, 16.26, 3482800]","[16.24, 17.28, 16.21, 17.14, 9172400]","[17.21, 17.5, 17.19, 17.47, 7958300]","[17.33, 17.45, 17.21, 17.36, 5205200]","[17.45, 17.45, 17.14, 17.26, 4161600]","[17.17, 17.19, 16.88, 17.07, 4985300]","[17.02, 17.07, 16.83, 16.83, 7134200]","[17.07, 17.12, 16.81, 17.02, 4095900]","[16.95, 17.47, 16.95, 17.31, 3637200]","[17.38, 17.5, 16.81, 16.9, 6517800]","[16.93, 17.81, 16.86, 17.76, 7067900]","[17.71, 18.24, 17.62, 18.24, 6153500]","[18.26, 18.64, 18.09, 18.45, 6316900]","[18.45, 18.74, 18.35, 18.38, 7027900]","[18.31, 18.52, 17.97, 18.05, 5149200]","[18.14, 18.97, 17.93, 18.9, 6867000]","[18.93, 19.09, 18.66, 18.97, 8389800]","[19.0, 19.07, 18.76, 19.04, 5382600]","[19.02, 19.45, 18.97, 19.0, 5854100]","[19.23, 20.11, 19.19, 19.69, 9010400]","[19.71, 20.57, 19.71, 20.48, 8651900]","[20.55, 20.57, 20.07, 20.38, 6965800]","[20.4, 20.6, 19.93, 20.05, 9385100]","[20.26, 20.26, 19.38, 19.47, 7556700]","[19.42, 19.47, 18.54, 18.78, 7475100]","[18.78, 19.33, 18.66, 19.07, 5999800]","[18.73, 19.28, 18.59, 19.16, 7493800]","[19.16, 19.62, 19.11, 19.4, 5110400]","[19.52, 20.12, 19.45, 20.05, 5649500]","[19.9, 20.6, 19.66, 20.14, 7532500]","[20.14, 20.5, 19.74, 19.9, 7664500]","[19.71, 19.83, 19.33, 19.4, 6666300]","[19.31, 20.71, 19.23, 20.69, 8781500]","[20.6, 20.83, 20.26, 20.6, 8664200]","[20.69, 20.98, 20.55, 20.95, 6424500]","[20.88, 21.03, 20.76, 20.81, 8004500]","[21.0, 21.65, 20.98, 21.53, 11369900]","[21.74, 22.34, 21.67, 22.22, 11839100]","[22.17, 22.55, 21.89, 22.05, 13071400]","[21.93, 22.22, 21.19, 21.43, 10351800]","[21.38, 21.69, 20.86, 21.41, 7065900]","[21.31, 21.89, 21.14, 21.86, 7560200]","[21.77, 21.89, 21.5, 21.62, 6324800]","[21.77, 21.86, 21.62, 21.81, 3886300]","[21.72, 22.03, 21.69, 21.93, 4713100]","[21.93, 22.36, 21.81, 22.03, 8751800]","[22.05, 22.27, 21.69, 21.84, 5897800]","[21.53, 22.36, 21.53, 22.17, 7112400]","[22.17, 22.2, 21.58, 21.91, 6976600]","[21.93, 21.96, 21.36, 21.91, 5178000]","[22.03, 22.51, 21.91, 22.2, 4775100]","[21.41, 21.6, 20.93, 21.41, 11410900]","[21.43, 21.89, 21.38, 21.79, 7384100]","[21.6, 22.08, 21.55, 21.77, 5103400]","[21.79, 22.36, 21.72, 22.36, 5369500]","[22.22, 22.27, 21.6, 21.69, 2537600]","[21.5, 21.77, 21.07, 21.19, 4641300]","[21.19, 21.62, 21.1, 21.31, 4088600]","[20.98, 21.31, 20.88, 21.1, 5805500]","[21.17, 21.38, 20.45, 21.0, 7864600]","[20.91, 20.91, 19.5, 19.95, 11716000]","[19.83, 20.64, 19.62, 20.26, 7520100]","[20.36, 20.55, 20.07, 20.43, 6566300]","[20.28, 20.81, 20.19, 20.74, 6180100]","[20.64, 21.03, 20.62, 20.74, 4906600]","[20.69, 20.74, 19.4, 19.76, 7614200]","[19.85, 19.85, 19.23, 19.42, 5471100]","[19.54, 20.17, 19.5, 19.97, 4854700]","[20.24, 20.52, 20.17, 20.43, 4839000]","[20.17, 20.98, 20.17, 20.88, 5163800]","[20.91, 21.03, 20.52, 20.52, 12223600]","[20.55, 20.79, 20.17, 20.38, 5234500]","[17.87, 18.35, 17.51, 17.8, 23398900]","[17.61, 17.68, 16.56, 16.84, 15006600]","[16.84, 17.18, 16.29, 17.15, 10765700]","[17.15, 17.54, 17.06, 17.54, 7465500]","[17.42, 17.92, 17.42, 17.9, 4070900]","[17.92, 18.25, 17.9, 18.25, 4553300]","[18.42, 18.42, 17.92, 18.02, 4211200]","[18.21, 18.42, 17.92, 18.25, 4713700]"
22,PG,"[16.88, 16.9, 16.71, 16.81, 4314000]","[16.83, 17.17, 16.74, 17.12, 4975200]","[17.19, 17.63, 17.12, 17.38, 11835000]","[17.44, 17.48, 17.14, 17.15, 5867800]","[17.19, 17.39, 17.15, 17.38, 6683600]","[17.34, 17.46, 17.09, 17.17, 4906600]","[17.14, 17.34, 17.07, 17.27, 4787400]","[17.26, 17.26, 17.02, 17.12, 4186000]","[16.93, 17.05, 16.45, 16.79, 12514200]","[17.1, 17.27, 16.97, 17.12, 9089400]","[16.97, 17.12, 16.71, 17.02, 7709000]","[16.95, 17.1, 16.79, 16.85, 5732000]","[16.71, 16.93, 16.57, 16.93, 7455800]","[16.86, 17.36, 16.85, 17.22, 7402200]","[17.32, 17.63, 17.26, 17.5, 8796800]","[17.55, 17.55, 17.03, 17.29, 6810200]","[17.27, 17.34, 16.55, 16.91, 13506200]","[16.88, 17.09, 16.47, 16.91, 9776000]","[16.85, 18.57, 16.73, 18.33, 30100800]","[18.35, 18.54, 18.2, 18.35, 10724400]","[18.37, 18.64, 18.23, 18.64, 7292800]","[18.63, 19.09, 18.57, 18.85, 8274800]","[18.8, 19.36, 18.78, 19.21, 10373400]","[19.69, 20.05, 19.58, 20.0, 13064400]","[20.03, 20.51, 19.93, 20.25, 9413400]","[20.0, 20.15, 19.84, 19.96, 4963800]","[19.86, 20.0, 19.74, 19.84, 5001200]","[19.79, 20.27, 19.76, 20.13, 7388600]","[20.06, 20.39, 19.84, 20.17, 7665200]","[19.93, 20.12, 19.76, 19.89, 8039400]","[19.82, 19.82, 19.46, 19.7, 5669200]","[19.58, 20.27, 19.5, 20.08, 6080200]","[20.1, 20.72, 19.96, 20.65, 7728600]","[20.5, 20.53, 20.0, 20.19, 8159400]","[19.96, 20.27, 19.95, 20.15, 5297600]","[20.1, 20.1, 19.24, 19.24, 6127400]","[19.64, 20.38, 19.51, 20.36, 6669200]","[20.43, 20.95, 20.24, 20.72, 9293400]","[20.78, 21.0, 20.34, 20.72, 5724400]","[20.4, 21.28, 20.33, 21.28, 8396400]","[21.02, 21.26, 20.55, 21.26, 11799200]","[20.74, 20.78, 19.31, 19.76, 23838600]","[19.6, 19.62, 18.89, 19.08, 13778200]","[19.01, 19.19, 18.62, 18.79, 9018400]","[18.74, 19.0, 18.56, 18.87, 6510800]","[18.87, 19.08, 18.75, 18.94, 5639600]","[18.98, 19.13, 18.67, 18.93, 4861800]","[18.87, 19.41, 18.84, 19.2, 5766200]","[19.36, 19.77, 18.82, 19.22, 12083400]","[19.39, 20.05, 19.36, 19.81, 6250400]","[19.77, 20.21, 19.74, 19.98, 6163000]","[19.98, 20.15, 19.7, 20.03, 7457600]","[20.19, 20.43, 20.08, 20.29, 5518200]","[20.1, 20.69, 19.95, 20.48, 5373200]","[20.43, 20.95, 20.43, 20.95, 7908000]","[20.67, 20.98, 20.45, 20.72, 6071800]","[20.5, 20.6, 20.12, 20.48, 5666000]","[20.46, 21.0, 20.45, 20.86, 6586600]","[20.53, 20.6, 20.31, 20.36, 2753000]","[20.15, 20.4, 20.1, 20.15, 5309800]","[20.19, 20.5, 20.05, 20.38, 5662800]","[20.38, 21.0, 20.33, 20.9, 5280200]","[20.67, 21.0, 20.57, 20.71, 6752400]","[20.5, 20.69, 20.24, 20.45, 5972200]","[20.4, 20.98, 20.21, 20.85, 4900800]","[20.74, 21.07, 20.21, 20.24, 7828000]","[20.27, 20.45, 19.76, 19.95, 6593000]","[19.84, 20.62, 19.84, 20.34, 4193200]","[20.33, 20.34, 19.6, 19.7, 6859200]","[19.57, 19.57, 19.05, 19.1, 6755800]","[19.7, 20.33, 19.5, 19.89, 9310400]","[19.81, 20.08, 19.7, 20.03, 3784400]","[19.77, 20.67, 19.74, 20.33, 6285000]","[19.74, 20.41, 19.74, 19.74, 12218400]","[20.08, 20.29, 19.89, 20.08, 5726600]","[20.1, 20.67, 19.86, 20.22, 5351600]","[20.08, 20.71, 19.88, 20.07, 8324800]","[20.07, 20.71, 20.0, 20.6, 6419800]","[20.6, 20.6, 20.05, 20.4, 5491800]","[20.38, 20.67, 20.12, 20.59, 3554400]","[20.57, 21.93, 20.46, 21.16, 14896000]","[21.29, 21.47, 20.83, 21.36, 6080000]","[21.43, 21.83, 21.12, 21.69, 5280000]"
23,C,"[487.77, 491.41, 475.81, 478.41, 715100]","[479.97, 488.81, 476.85, 478.93, 690000]","[470.61, 478.41, 449.29, 456.96, 2870900]","[457.09, 459.17, 445.65, 455.53, 2154000]","[453.97, 470.09, 452.41, 470.09, 1709100]","[470.09, 472.17, 462.29, 472.17, 984600]","[475.29, 475.29, 465.41, 470.09, 897000]","[463.85, 469.05, 455.53, 463.85, 954200]","[469.05, 471.65, 461.77, 467.75, 1052900]","[468.01, 468.53, 455.01, 458.13, 1347800]","[450.85, 453.97, 441.49, 445.13, 1017400]","[448.77, 452.93, 445.65, 451.37, 989300]","[451.37, 451.37, 431.09, 442.53, 1033300]","[437.85, 443.05, 426.41, 428.49, 1186000]","[441.49, 443.05, 430.57, 438.89, 1339800]","[443.57, 455.53, 442.53, 450.33, 960700]","[445.65, 456.05, 444.61, 445.13, 936500]","[448.25, 450.85, 425.37, 425.37, 1036200]","[437.33, 450.33, 432.65, 444.61, 1209000]","[453.45, 457.09, 444.61, 449.81, 1212600]","[449.81, 461.25, 445.65, 460.73, 1112600]","[462.29, 475.29, 461.77, 473.21, 1459200]","[466.97, 472.17, 449.29, 455.53, 1398100]","[455.53, 470.09, 455.53, 466.97, 1147100]","[471.65, 471.65, 437.33, 445.13, 1471200]","[444.61, 446.69, 435.25, 437.85, 630000]","[437.85, 438.89, 416.01, 424.33, 1712600]","[416.53, 419.65, 400.93, 411.85, 2250900]","[407.69, 411.33, 374.41, 388.97, 2853300]","[388.97, 420.17, 388.97, 414.45, 1576900]","[410.81, 426.41, 405.61, 422.77, 1213500]","[431.09, 438.89, 401.97, 410.81, 1523600]","[375.97, 422.25, 370.25, 412.37, 2100000]","[421.73, 432.13, 419.65, 426.93, 1150900]","[426.41, 438.37, 422.25, 423.81, 1032400]","[425.37, 430.57, 414.45, 419.65, 821700]","[425.89, 435.77, 423.81, 430.05, 1043800]","[432.13, 444.09, 418.09, 421.21, 1073400]","[423.29, 426.93, 395.21, 407.69, 1508900]","[415.49, 423.29, 409.77, 418.09, 1303100]","[418.61, 435.77, 418.09, 429.01, 928600]","[433.69, 440.97, 431.61, 437.85, 1123300]","[432.65, 438.37, 423.81, 430.05, 1194300]","[436.93, 450.45, 433.8, 441.61, 1228200]","[448.37, 450.97, 440.57, 448.89, 977900]","[455.65, 462.41, 454.09, 456.69, 1012400]","[456.69, 464.49, 454.09, 455.65, 709300]","[453.57, 454.09, 439.53, 441.61, 1105100]","[437.97, 444.21, 428.6, 438.49, 1295700]","[434.84, 443.69, 428.6, 428.6, 972400]","[418.2, 425.48, 404.68, 420.28, 1419700]","[424.96, 433.8, 416.64, 422.36, 1108100]","[418.2, 431.2, 413.52, 417.68, 1240100]","[417.68, 434.32, 416.12, 430.16, 991000]","[429.12, 439.53, 421.32, 425.35, 1210400]","[428.08, 431.2, 409.36, 410.92, 1131600]","[408.32, 410.92, 392.19, 408.84, 1845800]","[402.08, 404.16, 386.99, 391.67, 1367500]","[401.03, 401.56, 393.75, 393.75, 493600]","[400.51, 402.6, 393.75, 394.79, 1112000]","[394.79, 407.28, 391.67, 396.35, 1229200]","[400.51, 414.56, 396.35, 411.44, 1129100]","[408.84, 421.84, 399.99, 414.56, 2204000]","[423.4, 426.52, 403.64, 407.28, 1325200]","[403.12, 405.72, 389.07, 397.91, 1669600]","[406.24, 424.44, 398.95, 422.36, 1797800]","[423.4, 437.45, 405.72, 414.04, 2296200]","[403.64, 420.8, 402.6, 414.04, 957800]","[419.76, 436.41, 419.76, 428.6, 1343700]","[436.41, 443.17, 432.76, 440.05, 1349600]","[438.49, 439.53, 429.64, 437.97, 1138300]","[441.09, 446.81, 430.16, 441.09, 1227400]","[427.56, 432.24, 419.24, 422.36, 1342700]","[414.56, 422.36, 399.99, 399.99, 2604500]","[409.88, 418.72, 409.36, 410.92, 1700900]","[411.44, 424.44, 407.8, 418.2, 2484700]","[413.0, 416.12, 396.87, 399.47, 1608000]","[398.43, 411.96, 393.23, 405.72, 1567100]","[413.52, 419.24, 406.76, 416.64, 1007600]","[423.92, 428.08, 421.84, 423.92, 725700]","[414.56, 426.52, 414.56, 423.4, 899100]","[429.12, 433.28, 424.96, 426.52, 978900]","[430.68, 434.32, 424.44, 424.96, 931400]"
24,KODK,,,,,,,,,,,,,,,,,,,,,,,,,,,,,,,,,,,,,,,,,,,,,,,,,,,,,,,,,,,,,,,,,,,,,,,,,,,,,,,,,,,
25,UTX,"[19.58, 19.6, 19.23, 19.36, 1420000]","[19.09, 19.36, 19.05, 19.13, 1784800]","[19.11, 20.03, 19.09, 19.93, 3977200]","[20.26, 20.47, 19.71, 19.83, 4842200]","[19.79, 19.79, 19.01, 19.32, 3282800]","[19.32, 19.77, 19.28, 19.64, 2935600]","[19.4, 19.67, 19.19, 19.64, 2960600]","[19.66, 19.75, 19.48, 19.66, 3172800]","[19.99, 20.1, 19.93, 19.99, 5147800]","[20.3, 21.02, 19.89, 19.97, 10467000]","[20.14, 20.3, 19.71, 20.1, 4838200]","[20.26, 20.26, 19.23, 19.56, 6235000]","[19.67, 19.95, 18.43, 19.83, 10323800]","[19.21, 19.69, 19.13, 19.44, 4557800]","[19.6, 20.53, 19.11, 20.46, 8024800]","[20.61, 21.24, 20.57, 20.85, 5436000]","[20.96, 21.31, 20.81, 20.96, 3733800]","[21.02, 21.86, 20.83, 21.49, 6242600]","[21.7, 22.76, 21.55, 22.33, 6746200]","[22.17, 22.37, 21.43, 21.67, 3682600]","[21.51, 21.78, 21.08, 21.31, 3782200]","[21.47, 22.68, 21.37, 22.06, 3625600]","[22.09, 22.49, 21.92, 22.04, 3366000]","[21.96, 22.78, 21.94, 22.72, 3299800]","[22.76, 22.78, 22.31, 22.49, 3252000]","[22.41, 22.74, 21.7, 21.88, 2699600]","[21.96, 22.6, 21.82, 22.43, 3762000]","[22.33, 22.76, 22.15, 22.33, 4510000]","[22.29, 22.43, 21.06, 21.24, 4663000]","[21.16, 21.92, 21.12, 21.76, 3539000]","[21.8, 22.58, 21.72, 22.5, 3163600]","[22.58, 22.62, 21.76, 21.76, 2615400]","[21.72, 21.98, 21.18, 21.35, 5408200]","[21.0, 21.59, 19.99, 19.99, 5478000]","[19.25, 20.98, 18.7, 20.3, 34313400]","[20.49, 20.61, 19.67, 19.83, 10376400]","[19.99, 20.22, 19.79, 20.2, 7459200]","[20.24, 20.42, 19.83, 19.99, 6573400]","[20.14, 21.0, 20.1, 20.77, 4305800]","[20.92, 21.08, 20.49, 21.0, 3440400]","[21.08, 21.86, 21.06, 21.51, 3760600]","[21.55, 21.9, 21.04, 21.8, 4734000]","[21.61, 21.76, 21.22, 21.43, 2656600]","[21.51, 21.72, 21.24, 21.47, 1724800]","[21.31, 21.49, 20.47, 20.96, 2800000]","[21.14, 21.86, 21.1, 21.8, 2511600]","[21.78, 21.78, 21.08, 21.26, 2127000]","[21.26, 21.37, 20.96, 21.14, 3047000]","[21.22, 21.45, 20.87, 21.22, 2424800]","[21.18, 21.35, 20.36, 20.67, 2768400]","[20.46, 20.85, 20.4, 20.63, 2465400]","[20.67, 21.2, 20.67, 21.02, 2648200]","[21.14, 21.32, 20.97, 21.08, 2736600]","[21.24, 21.65, 21.1, 21.56, 2511800]","[21.67, 22.07, 21.56, 21.81, 2642800]","[21.83, 22.01, 21.44, 21.69, 2560200]","[21.93, 22.54, 21.71, 22.01, 4676600]","[21.85, 22.24, 21.67, 22.07, 3745800]","[22.01, 22.62, 22.01, 22.62, 1583600]","[22.87, 22.87, 21.77, 21.99, 4185000]","[21.99, 21.99, 21.44, 21.5, 3586800]","[21.73, 21.97, 21.73, 21.81, 3208800]","[21.77, 22.56, 21.65, 22.26, 4521400]","[22.13, 22.62, 22.01, 22.16, 4125000]","[22.16, 22.91, 21.91, 22.81, 6607200]","[23.19, 23.85, 23.11, 23.85, 7212600]","[23.87, 24.27, 23.62, 23.7, 5536800]","[23.48, 23.72, 23.4, 23.68, 4092000]","[23.89, 24.23, 23.46, 23.52, 5711600]","[23.54, 23.64, 22.62, 22.72, 5350400]","[22.83, 23.56, 22.72, 23.11, 5811600]","[23.38, 23.56, 22.52, 22.52, 4061400]","[22.56, 22.95, 22.01, 22.38, 3028800]","[22.24, 23.09, 22.24, 22.38, 5452400]","[22.66, 23.46, 22.5, 23.21, 3210800]","[23.27, 23.54, 22.93, 23.5, 4123800]","[22.95, 23.42, 22.87, 23.05, 4475800]","[22.91, 23.6, 22.75, 23.58, 3647600]","[23.5, 24.05, 23.5, 23.89, 4273600]","[23.89, 24.6, 23.68, 24.42, 2935400]","[24.35, 25.07, 23.89, 25.07, 2731200]","[24.88, 24.88, 24.52, 24.74, 3990800]","[24.84, 24.99, 24.6, 24.72, 2686200]"
26,IP,"[16.96, 16.96, 16.47, 16.6, 3506900]","[16.86, 17.25, 16.73, 17.19, 2591600]","[17.54, 17.74, 17.32, 17.45, 3831500]","[17.48, 17.48, 16.7, 16.99, 3195600]","[16.96, 16.99, 16.47, 16.76, 3407700]","[16.76, 16.76, 16.37, 16.37, 2744000]","[16.44, 16.44, 16.04, 16.3, 3705300]","[16.24, 16.57, 16.21, 16.44, 2066300]","[16.63, 16.63, 16.01, 16.04, 2250900]","[16.11, 16.11, 15.65, 15.72, 3857100]","[15.75, 16.27, 15.39, 16.14, 3811800]","[16.01, 16.14, 14.77, 15.0, 4547400]","[15.0, 15.46, 14.61, 15.07, 4796600]","[15.0, 15.26, 14.97, 15.03, 2532200]","[15.46, 15.62, 14.97, 15.29, 2084000]","[15.39, 15.39, 14.74, 14.9, 2969600]","[14.94, 15.16, 14.48, 14.48, 2432300]","[14.67, 14.67, 14.09, 14.48, 3758200]","[14.41, 15.1, 14.41, 14.94, 2665700]","[14.8, 15.36, 14.8, 14.97, 2149500]","[15.2, 15.23, 14.32, 14.61, 3388000]","[14.61, 15.59, 14.45, 15.46, 4012900]","[15.46, 16.6, 15.42, 16.44, 4536600]","[16.17, 16.24, 15.42, 15.59, 2057400]","[15.85, 16.21, 15.26, 15.55, 2010200]","[15.55, 15.91, 15.1, 15.29, 1634400]","[15.29, 15.62, 14.71, 14.8, 2604800]","[14.94, 15.62, 14.94, 15.55, 3498100]","[15.39, 15.49, 14.38, 14.67, 3245500]","[14.58, 14.58, 13.89, 14.32, 2519200]","[14.22, 14.9, 14.15, 14.41, 2470900]","[14.41, 14.74, 13.73, 13.99, 1961500]","[14.12, 15.69, 13.76, 15.65, 9307500]","[15.72, 16.21, 15.65, 16.01, 4871100]","[15.46, 15.85, 15.42, 15.78, 2306700]","[15.75, 15.75, 15.26, 15.49, 1383600]","[15.55, 17.02, 15.49, 16.99, 5196500]","[16.83, 16.86, 16.4, 16.7, 3197000]","[16.66, 17.74, 16.6, 17.61, 5506700]","[17.35, 17.41, 16.76, 17.35, 3046500]","[17.94, 19.27, 17.8, 18.78, 8065700]","[19.14, 19.4, 18.16, 19.01, 5934200]","[19.11, 19.57, 18.65, 18.82, 3223400]","[18.65, 18.82, 17.9, 18.49, 2565700]","[18.13, 19.3, 17.9, 19.3, 2874300]","[19.3, 19.6, 18.65, 19.01, 3414400]","[19.3, 19.4, 18.95, 19.24, 3681500]","[19.37, 19.92, 19.04, 19.27, 3939800]","[18.91, 19.14, 18.13, 18.95, 4742200]","[18.85, 18.98, 18.62, 18.82, 1520800]","[18.91, 19.24, 18.69, 18.88, 1962600]","[18.46, 18.91, 18.16, 18.52, 3109100]","[18.52, 19.3, 18.42, 18.78, 2864600]","[18.26, 18.42, 17.54, 17.9, 3012700]","[17.67, 18.16, 17.22, 17.45, 2744100]","[16.99, 17.32, 16.79, 17.32, 2352700]","[16.96, 17.58, 16.82, 17.35, 1821000]","[17.22, 17.55, 17.15, 17.38, 1819400]","[17.38, 17.88, 17.38, 17.71, 754300]","[17.97, 18.14, 17.65, 17.71, 1231700]","[17.71, 18.53, 17.68, 18.17, 2812300]","[18.07, 18.6, 18.01, 18.6, 1986400]","[18.47, 18.6, 17.22, 17.81, 3774400]","[17.84, 19.12, 17.78, 19.06, 3858900]","[19.32, 20.08, 19.22, 19.62, 5378000]","[19.72, 19.72, 19.06, 19.58, 4076900]","[19.52, 19.95, 18.86, 19.12, 2354100]","[19.12, 19.42, 18.43, 18.7, 1756500]","[18.83, 19.65, 18.8, 19.45, 3254700]","[19.78, 20.04, 19.39, 19.78, 2453100]","[19.88, 20.83, 19.65, 19.75, 3499400]","[20.21, 20.21, 19.29, 19.95, 2395100]","[19.75, 19.88, 19.22, 19.85, 2202500]","[19.45, 19.88, 19.42, 19.65, 3041700]","[19.81, 20.41, 19.55, 19.88, 2414100]","[19.98, 21.1, 19.98, 20.77, 4140500]","[19.75, 20.47, 19.45, 19.78, 4917400]","[20.11, 21.2, 19.49, 20.8, 3830400]","[21.13, 22.61, 20.77, 22.21, 4163600]","[22.21, 22.61, 21.23, 22.48, 2458500]","[22.21, 22.41, 21.59, 22.15, 2398700]","[22.08, 22.44, 21.2, 22.31, 2235000]","[22.28, 22.48, 21.36, 21.46, 2345500]"
27,HPQ,"[14.4, 15.02, 14.4, 14.85, 14297100]","[14.85, 14.92, 14.53, 14.6, 11143000]","[14.6, 14.67, 14.19, 14.25, 10770400]","[14.32, 14.88, 14.32, 14.71, 13502200]","[14.71, 14.77, 14.37, 14.37, 10151200]","[14.04, 14.04, 13.49, 13.54, 22422900]","[13.37, 13.37, 12.83, 13.18, 26279100]","[12.92, 12.92, 12.46, 12.47, 32698300]","[12.49, 12.86, 12.49, 12.86, 20900900]","[12.71, 12.71, 12.11, 12.23, 30532000]","[12.32, 12.63, 12.15, 12.32, 20053600]","[12.36, 12.74, 12.36, 12.74, 19725900]","[12.68, 12.68, 12.0, 12.24, 23730900]","[12.24, 12.41, 11.24, 11.36, 19138000]","[11.48, 12.48, 11.48, 12.46, 36741200]","[12.46, 12.73, 11.63, 11.82, 19202700]","[11.82, 12.31, 11.72, 11.73, 24451400]","[11.73, 12.44, 11.73, 12.38, 35898300]","[12.38, 12.85, 12.36, 12.41, 18409100]","[12.32, 12.32, 11.44, 11.6, 38859100]","[11.6, 11.83, 11.2, 11.22, 24037900]","[11.22, 11.69, 11.12, 11.18, 21794900]","[11.18, 11.72, 11.18, 11.44, 21861800]","[11.12, 11.12, 10.31, 10.55, 43318100]","[10.55, 10.86, 10.34, 10.43, 30792700]","[10.58, 11.09, 10.58, 10.88, 17435800]","[10.88, 11.1, 10.53, 10.7, 21821800]","[10.68, 10.68, 10.03, 10.23, 27125500]","[10.23, 10.71, 9.87, 10.01, 27442600]","[10.15, 10.94, 10.15, 10.84, 27026400]","[10.85, 11.36, 10.85, 11.08, 16581500]","[11.08, 11.32, 10.57, 10.82, 18073500]","[10.76, 10.76, 10.19, 10.23, 28692000]","[10.29, 11.0, 10.29, 10.88, 30548300]","[10.88, 11.56, 10.66, 11.48, 20611600]","[11.48, 11.94, 11.38, 11.76, 15853000]","[11.76, 11.91, 10.84, 11.06, 24555300]","[11.02, 11.02, 10.28, 10.38, 22056500]","[10.38, 10.76, 9.85, 10.28, 26483400]","[10.43, 11.24, 10.43, 10.43, 30795400]","[11.12, 11.12, 10.42, 10.96, 10974700]","[10.96, 11.42, 10.76, 11.12, 15346600]","[11.05, 11.05, 10.37, 10.63, 15051500]","[10.64, 11.2, 10.64, 10.78, 14318000]","[10.78, 11.48, 10.51, 11.06, 15977400]","[11.06, 11.24, 10.82, 10.99, 8944700]","[10.99, 11.45, 10.9, 11.35, 8908400]","[11.35, 11.41, 10.9, 10.93, 10976500]","[10.7, 10.7, 9.96, 10.27, 19944300]","[9.82, 9.82, 9.03, 9.36, 25462300]","[8.49, 8.49, 7.8, 8.16, 83359500]","[8.25, 8.95, 8.25, 8.85, 34280900]","[8.85, 8.86, 8.28, 8.45, 21887800]","[8.45, 8.54, 8.27, 8.39, 19980000]","[8.39, 8.77, 8.39, 8.52, 22086200]","[8.52, 8.67, 8.21, 8.27, 17818800]","[8.27, 8.46, 8.1, 8.12, 13552400]","[8.12, 8.24, 7.94, 8.06, 15133400]","[8.4, 8.61, 8.4, 8.51, 10086400]","[8.52, 8.83, 8.52, 8.54, 14310700]","[8.54, 8.54, 8.22, 8.3, 12891100]","[8.3, 8.57, 8.24, 8.27, 14657800]","[8.06, 8.06, 7.29, 7.56, 37227200]","[7.64, 8.21, 7.64, 7.7, 17157100]","[7.7, 8.03, 7.68, 7.89, 13599100]","[7.91, 8.52, 7.91, 8.37, 17057300]","[8.09, 8.09, 7.44, 7.65, 32110400]","[7.65, 7.88, 7.44, 7.47, 19228700]","[7.71, 8.19, 7.71, 8.0, 19244100]","[8.0, 8.27, 7.74, 7.92, 14168300]","[7.92, 8.45, 7.88, 8.43, 14737700]","[8.43, 8.43, 7.86, 7.94, 17668800]","[7.94, 8.18, 7.82, 8.01, 15234500]","[7.74, 7.74, 7.37, 7.56, 28713800]","[7.61, 7.73, 7.43, 7.49, 12796200]","[7.52, 8.09, 7.52, 7.53, 22611600]","[7.49, 7.49, 7.08, 7.32, 27213400]","[7.32, 7.68, 7.01, 7.07, 20758600]","[7.25, 7.77, 7.25, 7.74, 16763300]","[7.74, 7.82, 7.4, 7.64, 13988600]","[7.64, 7.92, 7.59, 7.8, 12023800]","[7.8, 7.89, 7.71, 7.8, 9693600]","[7.8, 7.88, 7.5, 7.59, 10829400]"
28,WMT,"[33.11, 34.2, 32.98, 33.94, 7661500]","[34.07, 34.94, 33.98, 34.63, 8031000]","[34.98, 35.59, 34.72, 34.81, 8310400]","[35.63, 36.24, 35.15, 35.5, 8400600]","[35.85, 36.63, 35.5, 36.29, 7380600]","[36.72, 38.11, 36.68, 37.85, 9844600]","[37.29, 38.03, 36.85, 37.59, 6351100]","[37.81, 37.94, 36.94, 37.54, 4981600]","[37.37, 37.37, 36.15, 36.59, 4711600]","[36.46, 36.89, 35.85, 36.24, 8109100]","[35.54, 36.72, 35.28, 35.63, 5211600]","[35.28, 35.45, 34.32, 34.76, 8573700]","[34.8, 34.84, 33.49, 33.8, 9882700]","[33.93, 35.8, 33.89, 34.84, 8645500]","[36.19, 36.19, 34.54, 35.19, 6726300]","[35.28, 35.32, 34.1, 34.15, 5466000]","[34.45, 34.45, 32.67, 33.02, 9409100]","[33.19, 33.71, 32.84, 33.54, 7582800]","[33.76, 34.76, 33.45, 33.84, 8137800]","[33.8, 34.5, 33.45, 33.54, 7532900]","[33.58, 33.89, 31.66, 32.23, 11174600]","[32.19, 32.32, 30.75, 31.93, 16548400]","[31.84, 33.36, 31.71, 32.14, 11085200]","[32.32, 32.58, 31.88, 32.1, 8732500]","[31.97, 31.97, 31.1, 31.71, 11160500]","[31.84, 32.36, 31.45, 31.45, 6033800]","[32.01, 32.54, 31.62, 32.32, 6683200]","[32.14, 32.32, 31.27, 31.58, 8390900]","[29.27, 31.14, 28.88, 30.75, 19439900]","[30.4, 31.45, 30.4, 31.36, 9358200]","[31.53, 33.23, 31.49, 32.97, 7098300]","[33.15, 33.41, 31.84, 32.06, 6268900]","[32.01, 32.75, 31.27, 32.58, 6148400]","[32.45, 33.41, 32.14, 33.32, 6302900]","[32.67, 32.97, 32.1, 32.45, 7153200]","[32.45, 33.32, 31.75, 32.97, 6031300]","[33.15, 33.8, 32.93, 33.71, 5913800]","[33.76, 33.76, 31.8, 32.01, 8390700]","[31.97, 32.01, 30.23, 30.27, 14962100]","[30.27, 30.75, 30.14, 30.14, 12554800]","[30.23, 30.62, 30.05, 30.49, 13205600]","[30.79, 31.93, 30.66, 31.62, 14696600]","[32.41, 33.49, 32.14, 32.54, 23272200]","[32.06, 34.84, 31.71, 33.76, 20850500]","[33.76, 34.23, 32.62, 33.02, 8258500]","[33.67, 34.41, 32.8, 34.15, 7276500]","[34.15, 34.84, 33.45, 34.1, 7137500]","[34.15, 35.45, 33.89, 33.97, 7622900]","[33.49, 33.54, 32.19, 32.84, 8060800]","[31.36, 31.36, 30.1, 30.45, 14914600]","[29.97, 31.66, 29.66, 31.58, 10993000]","[32.93, 33.76, 32.58, 32.67, 8533200]","[32.49, 34.41, 32.32, 34.15, 8646200]","[33.97, 34.28, 33.54, 33.62, 5529700]","[33.8, 34.54, 33.19, 33.84, 6140200]","[33.89, 33.89, 33.15, 33.36, 4379100]","[33.54, 33.8, 32.41, 32.84, 4389000]","[32.88, 32.97, 31.97, 31.97, 4945900]","[32.01, 32.19, 31.14, 31.49, 3482500]","[32.71, 34.71, 32.67, 34.37, 10650400]","[33.97, 35.45, 33.49, 34.15, 9787100]","[34.32, 36.15, 34.28, 36.15, 9903000]","[35.89, 36.37, 35.11, 36.37, 11607100]","[36.67, 36.76, 35.32, 35.67, 10723700]","[35.5, 37.5, 35.11, 37.5, 13404100]","[37.5, 38.55, 37.11, 38.5, 10380600]","[38.07, 38.94, 37.15, 38.2, 10703100]","[38.37, 38.98, 38.02, 38.33, 7646200]","[38.37, 38.59, 37.46, 37.94, 6877000]","[37.37, 37.5, 35.41, 35.8, 11596100]","[35.19, 36.33, 34.71, 36.15, 8344800]","[36.19, 36.76, 34.89, 35.06, 6558500]","[35.06, 35.76, 34.8, 35.58, 7246200]","[34.5, 35.45, 34.5, 34.76, 13142700]","[35.19, 35.67, 34.28, 35.24, 6964800]","[35.28, 35.72, 33.19, 33.45, 9128500]","[33.49, 34.71, 32.75, 34.15, 8283200]","[34.54, 36.46, 34.41, 36.11, 9380200]","[36.11, 36.81, 35.5, 36.63, 7484200]","[36.46, 36.63, 34.19, 35.32, 6021000]","[35.37, 37.29, 35.02, 36.68, 8224300]","[36.63, 37.68, 36.63, 36.94, 4096300]","[36.76, 38.38, 36.76, 37.07, 6582300]"
29,DIS,"[30.11, 30.44, 29.47, 30.15, 1997200]","[30.15, 30.49, 29.81, 29.86, 3262200]","[30.0, 30.92, 30.0, 30.92, 4412400]","[30.92, 32.08, 30.63, 32.08, 4183700]","[31.45, 31.45, 30.68, 31.11, 3328400]","[31.07, 31.07, 30.29, 30.87, 2501000]","[30.73, 30.73, 29.81, 29.86, 3294900]","[30.0, 30.92, 30.0, 30.92, 3564500]","[30.49, 30.49, 29.76, 30.44, 3105200]","[30.44, 30.78, 30.0, 30.29, 5008000]","[30.2, 30.2, 29.37, 29.71, 2673500]","[29.71, 29.76, 28.99, 29.62, 3023600]","[29.62, 29.71, 28.6, 28.75, 4411000]","[28.75, 29.18, 28.6, 28.7, 3111500]","[28.7, 29.23, 28.46, 28.94, 3798800]","[28.94, 29.47, 28.84, 29.04, 2627400]","[29.04, 29.52, 28.99, 29.13, 3172400]","[29.13, 29.66, 28.99, 29.04, 2633900]","[29.18, 30.49, 29.18, 30.0, 4137500]","[30.0, 30.29, 29.33, 29.57, 4846000]","[29.76, 30.82, 29.76, 30.53, 3629900]","[30.53, 31.02, 30.34, 30.39, 4723500]","[30.63, 31.07, 30.63, 30.82, 4143600]","[30.92, 32.08, 30.92, 31.89, 5604200]","[31.89, 31.94, 30.82, 31.45, 4213100]","[31.45, 31.74, 31.36, 31.65, 3032700]","[31.79, 32.42, 31.79, 31.98, 4949500]","[31.98, 32.13, 30.97, 31.16, 5266300]","[31.11, 31.11, 29.95, 30.15, 5238900]","[30.15, 30.97, 29.42, 30.73, 5812500]","[30.24, 30.24, 28.99, 29.57, 5116100]","[29.28, 29.28, 26.48, 27.39, 8387900]","[27.39, 27.78, 25.9, 27.44, 9473400]","[27.44, 27.83, 26.62, 27.01, 5555600]","[27.01, 28.75, 26.52, 28.12, 6058700]","[28.12, 28.36, 27.64, 27.97, 3605700]","[27.97, 28.46, 27.49, 27.97, 4140000]","[27.59, 27.59, 26.52, 26.91, 3745200]","[26.91, 27.44, 26.72, 27.15, 5493400]","[26.91, 26.91, 26.19, 26.52, 4566600]","[26.52, 28.07, 26.14, 26.96, 4315500]","[26.96, 27.73, 26.33, 27.68, 5288700]","[27.68, 28.6, 26.91, 28.31, 5135900]","[28.31, 29.08, 28.31, 28.84, 4406300]","[28.84, 29.57, 28.6, 29.42, 4422500]","[29.42, 29.47, 28.6, 28.84, 2929400]","[28.75, 28.75, 28.21, 28.7, 2616900]","[28.7, 29.37, 28.46, 28.5, 3870000]","[25.9, 25.9, 23.82, 24.06, 25795200]","[24.11, 24.88, 24.11, 24.49, 13461600]","[24.2, 24.2, 23.19, 23.53, 11857500]","[23.67, 24.54, 23.67, 23.92, 7006900]","[24.06, 25.12, 24.06, 24.59, 6091100]","[24.59, 24.83, 23.48, 23.87, 4125800]","[23.87, 24.11, 22.95, 23.34, 6240300]","[23.34, 23.58, 22.85, 23.09, 4915600]","[22.8, 22.8, 22.08, 22.71, 5934900]","[22.66, 22.66, 22.03, 22.47, 4973800]","[22.47, 23.14, 22.08, 23.0, 3157100]","[23.0, 23.63, 22.9, 23.14, 4937500]","[23.14, 23.53, 22.85, 23.09, 4968000]","[23.09, 23.09, 21.93, 22.27, 5100400]","[22.27, 22.56, 21.55, 22.37, 5963500]","[22.51, 23.77, 22.51, 23.19, 5580000]","[23.09, 23.09, 22.56, 22.76, 4151900]","[22.76, 24.06, 22.47, 23.72, 5057500]","[24.23, 24.91, 24.23, 24.47, 5313400]","[24.47, 24.47, 23.4, 23.84, 4134100]","[23.84, 24.37, 23.69, 24.08, 2896300]","[24.08, 24.18, 23.55, 23.64, 3238300]","[23.64, 23.79, 23.16, 23.6, 5851600]","[23.6, 23.89, 23.06, 23.16, 5113800]","[23.16, 23.26, 22.28, 22.57, 7113000]","[22.57, 23.16, 21.99, 22.87, 9256600]","[22.87, 23.3, 22.43, 22.82, 5140500]","[22.82, 23.06, 22.62, 22.67, 5936200]","[21.6, 21.6, 20.87, 21.07, 9131700]","[21.07, 21.55, 20.63, 21.55, 6423700]","[21.36, 21.36, 20.24, 20.58, 7755300]","[20.82, 21.11, 20.82, 20.97, 4882800]","[20.97, 22.23, 20.97, 22.04, 8588300]","[22.04, 22.48, 21.5, 22.38, 4713700]","[22.38, 22.67, 22.14, 22.53, 4627800]"
