,0,1,2,3,4,5,6,7,8,9,10,11,12,13,14,15,16,17,18,19,20,21,22,23,24,25,26,27,28,29,30,31,32,33,34,35,36,37,38,39,40,41,42,43,44,45,46,47,48,49,50,51,52,53,54,55,56,57,58,59,60
0,MMM,"[54.33, 54.33, 53.54, 53.68, 2955500]","[53.54, 53.62, 52.65, 52.65, 3975200]","[52.77, 53.12, 52.64, 52.64, 3184600]","[52.64, 52.64, 51.98, 51.98, 3306900]","[52.36, 53.02, 52.12, 52.9, 4120700]","[52.75, 52.92, 52.39, 52.71, 2694200]","[52.64, 53.75, 52.53, 53.5, 4114500]","[53.52, 54.02, 53.32, 53.32, 3581800]","[53.62, 53.76, 52.81, 52.81, 2985500]","[52.82, 52.83, 52.25, 52.69, 2951200]","[53.28, 54.36, 53.02, 54.29, 3455000]","[54.84, 54.84, 53.29, 53.3, 2663900]","[53.36, 53.37, 52.74, 53.03, 2614900]","[53.19, 53.44, 53.0, 53.0, 1559800]","[52.95, 52.99, 52.54, 52.61, 2240500]","[53.15, 53.26, 51.58, 52.17, 3746300]","[52.28, 52.41, 51.72, 51.92, 3030000]","[51.95, 52.55, 51.95, 52.17, 3205500]","[50.18, 51.26, 49.05, 50.91, 14470200]","[51.38, 51.52, 50.34, 50.44, 4897600]","[50.53, 51.59, 50.07, 51.38, 5347100]","[51.48, 52.03, 51.22, 51.92, 4062600]","[52.08, 52.18, 50.58, 50.77, 4004600]","[50.43, 50.89, 50.21, 50.56, 2926600]","[50.45, 51.02, 50.35, 50.99, 3642800]","[50.72, 52.06, 50.5, 51.9, 3534100]","[51.54, 52.06, 51.45, 51.62, 2252700]","[51.48, 52.0, 51.48, 51.9, 2112400]","[51.85, 51.85, 50.94, 51.46, 2905400]","[51.08, 52.02, 50.58, 50.77, 3892700]","[50.85, 51.98, 50.24, 50.37, 5547300]","[50.54, 52.28, 50.22, 52.24, 6238000]","[52.52, 54.61, 52.52, 54.46, 6746600]","[54.46, 54.72, 54.08, 54.45, 2969000]","[54.61, 54.76, 54.06, 54.32, 2108300]","[54.28, 54.4, 53.88, 54.09, 2871200]","[54.43, 54.87, 54.13, 54.78, 2547500]","[54.86, 55.32, 54.79, 55.32, 2676900]","[55.4, 55.46, 54.88, 55.05, 3054600]","[54.99, 55.0, 54.57, 54.71, 2825400]","[55.09, 55.71, 54.9, 55.26, 2819900]","[55.1, 55.47, 55.1, 55.35, 2186000]","[55.22, 55.27, 54.28, 54.4, 2571000]","[54.4, 54.4, 54.01, 54.26, 2812000]","[54.26, 54.26, 53.79, 53.92, 2964100]","[53.87, 54.08, 53.79, 53.93, 2616000]","[53.76, 54.05, 53.76, 53.87, 1138600]","[53.89, 54.2, 53.33, 53.76, 3116900]","[53.76, 54.1, 53.39, 53.48, 4306700]","[53.42, 54.06, 53.42, 54.06, 3833800]","[53.89, 54.26, 53.49, 53.7, 2981900]","[53.84, 54.98, 53.67, 54.49, 4940900]","[54.26, 54.32, 53.93, 54.01, 2408200]","[54.18, 54.42, 52.99, 53.0, 3506100]","[53.09, 53.5, 53.05, 53.25, 2412800]","[53.13, 53.28, 52.77, 53.07, 3855500]","[52.82, 53.21, 52.78, 52.95, 2666400]","[53.12, 53.39, 52.5, 52.74, 3889700]","[52.75, 53.22, 52.72, 52.75, 3409800]","[53.0, 53.38, 52.89, 53.15, 4183900]"
1,AXP,"[35.28, 35.39, 35.06, 35.13, 4274000]","[35.19, 35.29, 35.1, 35.13, 3985900]","[35.1, 35.53, 35.09, 35.37, 3334000]","[35.26, 35.34, 34.93, 34.98, 3520800]","[35.09, 35.22, 35.02, 35.1, 3409200]","[35.1, 35.48, 35.05, 35.48, 4225100]","[35.41, 35.61, 35.41, 35.54, 4195000]","[35.55, 35.88, 35.44, 35.67, 3477300]","[36.33, 36.4, 35.81, 36.35, 5604400]","[36.52, 36.56, 36.26, 36.44, 3657100]","[36.52, 36.88, 36.52, 36.88, 5595500]","[36.88, 37.0, 36.71, 36.75, 3853300]","[36.55, 36.68, 36.07, 36.18, 3059200]","[36.19, 36.49, 36.19, 36.37, 1873800]","[36.16, 36.54, 36.09, 36.5, 2806500]","[36.5, 36.59, 36.01, 36.11, 2848000]","[36.11, 36.24, 35.69, 35.8, 3297100]","[35.96, 36.84, 35.93, 36.35, 7020300]","[36.28, 36.52, 36.01, 36.49, 2833400]","[36.63, 36.73, 36.05, 36.12, 3454900]","[36.04, 36.13, 35.8, 36.08, 3383800]","[36.04, 36.31, 35.87, 36.21, 3499600]","[36.28, 36.41, 35.8, 35.82, 2816000]","[35.8, 36.06, 35.22, 35.42, 7399700]","[35.5, 35.98, 35.48, 35.85, 4642700]","[35.88, 36.48, 35.73, 36.39, 4719700]","[36.32, 36.72, 36.29, 36.52, 4171100]","[36.57, 36.8, 36.36, 36.75, 3849400]","[36.75, 36.84, 36.54, 36.64, 4332600]","[36.56, 37.78, 36.55, 37.39, 8183300]","[37.94, 38.01, 37.4, 37.63, 4796700]","[37.41, 38.06, 37.41, 38.05, 4510600]","[38.08, 38.29, 37.91, 38.17, 5336200]","[38.0, 38.07, 37.83, 37.92, 3802800]","[37.98, 38.05, 37.83, 37.83, 4071800]","[37.87, 38.0, 37.65, 37.92, 4977300]","[38.06, 38.41, 38.01, 38.35, 3355000]","[38.36, 38.52, 38.3, 38.52, 3371600]","[38.49, 38.84, 38.46, 38.77, 4329800]","[38.77, 38.84, 38.55, 38.61, 4037900]","[38.71, 39.09, 38.71, 38.8, 4528800]","[38.8, 39.04, 38.65, 38.8, 2917200]","[38.8, 38.9, 38.4, 38.57, 3629700]","[38.43, 38.96, 38.32, 38.86, 3606000]","[38.74, 39.0, 38.67, 38.91, 3846200]","[38.98, 39.12, 38.76, 38.95, 3074600]","[38.79, 39.0, 38.79, 38.85, 1520300]","[39.02, 39.12, 38.59, 38.65, 4658100]","[38.57, 38.78, 38.5, 38.57, 4117100]","[38.6, 39.1, 38.6, 39.09, 3674900]","[39.09, 39.19, 38.82, 38.88, 3496400]","[38.77, 39.0, 38.58, 38.95, 3919700]","[38.81, 39.08, 38.71, 38.95, 2978200]","[38.92, 38.99, 38.3, 38.39, 3214400]","[38.57, 38.86, 38.41, 38.55, 2793000]","[38.28, 38.35, 37.97, 38.29, 4691500]","[38.5, 38.5, 37.96, 38.21, 4123500]","[38.35, 38.39, 37.7, 38.11, 4761900]","[39.05, 39.05, 38.36, 38.74, 5913500]","[38.74, 38.93, 38.55, 38.87, 4431900]"
2,SBC,,,,,,,,,,,,,,,,,,,,,,,,,,,,,,,,,,,,,,,,,,,,,,,,,,,,,,,,,,,,
3,BA,"[37.57, 37.67, 36.96, 37.14, 2831300]","[36.81, 36.85, 36.38, 36.67, 4001900]","[36.66, 36.95, 36.53, 36.77, 2748300]","[36.6, 36.67, 36.19, 36.33, 2092500]","[36.33, 36.48, 35.81, 36.2, 3510700]","[35.58, 35.58, 34.94, 35.3, 5992800]","[35.19, 35.98, 35.03, 35.72, 3846000]","[35.72, 36.32, 35.58, 36.31, 3384700]","[36.36, 36.58, 35.21, 36.2, 4832900]","[35.98, 36.03, 35.5, 35.63, 3402200]","[35.63, 36.23, 35.39, 36.23, 2485700]","[36.32, 36.32, 35.51, 35.51, 1998800]","[35.37, 35.46, 34.52, 34.67, 3952100]","[34.67, 34.94, 34.58, 34.78, 2236000]","[34.78, 34.99, 34.47, 34.87, 2509300]","[35.09, 35.35, 34.54, 34.76, 2272300]","[34.7, 35.29, 34.7, 34.77, 3048600]","[34.94, 35.48, 34.72, 34.73, 3467700]","[34.29, 34.48, 34.08, 34.31, 3079100]","[33.98, 34.6, 33.8, 34.05, 3186000]","[34.11, 34.29, 33.42, 33.88, 3242100]","[33.87, 34.58, 33.77, 34.29, 3704100]","[34.25, 34.67, 33.95, 34.26, 2456400]","[33.94, 34.13, 33.28, 33.91, 4022100]","[33.78, 34.72, 33.66, 34.58, 3880000]","[35.29, 35.46, 34.46, 34.67, 5435700]","[34.67, 34.91, 34.28, 34.51, 4138500]","[34.58, 34.75, 34.46, 34.53, 2720200]","[34.67, 34.72, 34.36, 34.56, 2526500]","[34.63, 34.97, 34.36, 34.52, 2806900]","[35.29, 36.05, 35.25, 35.39, 5451100]","[35.19, 35.23, 34.72, 35.01, 4875700]","[35.15, 35.55, 34.88, 35.39, 4379900]","[35.39, 36.31, 35.33, 36.03, 4025700]","[36.02, 36.74, 35.84, 36.48, 4092700]","[36.69, 37.13, 36.63, 37.09, 4082800]","[37.1, 37.73, 37.1, 37.72, 4110600]","[37.65, 37.78, 37.18, 37.46, 2654800]","[37.41, 37.67, 37.24, 37.53, 3782300]","[37.51, 37.62, 37.32, 37.51, 2752200]","[37.72, 38.36, 37.68, 38.03, 4262400]","[38.31, 38.54, 37.96, 38.1, 3064900]","[38.1, 38.1, 37.35, 37.35, 2915200]","[37.34, 37.49, 36.99, 37.49, 3036900]","[37.48, 37.75, 37.1, 37.74, 3228500]","[37.74, 37.86, 37.34, 37.59, 3231200]","[37.6, 37.68, 37.44, 37.52, 1456100]","[37.52, 37.77, 37.01, 37.25, 2666800]","[37.13, 37.54, 37.12, 37.21, 2455500]","[37.23, 38.0, 37.21, 38.0, 2976100]","[37.86, 38.14, 37.72, 38.11, 2433500]","[38.15, 38.41, 37.93, 38.39, 3358700]","[38.39, 38.39, 37.87, 38.03, 2272900]","[38.03, 38.2, 37.32, 37.34, 2738000]","[37.48, 37.5, 36.41, 36.68, 4284000]","[36.59, 36.81, 36.26, 36.66, 4347100]","[36.56, 36.81, 36.35, 36.41, 4107600]","[37.77, 37.77, 36.3, 36.59, 2921900]","[36.76, 36.83, 36.46, 36.57, 3101600]","[36.66, 36.66, 36.32, 36.4, 3598200]"
4,CAT,"[24.46, 24.47, 24.13, 24.23, 3450200]","[24.23, 24.27, 23.83, 23.95, 3271000]","[23.85, 24.19, 23.85, 24.03, 3156400]","[23.86, 24.01, 23.79, 23.92, 2538400]","[23.97, 25.05, 23.96, 24.72, 9189800]","[24.83, 25.9, 24.76, 25.88, 14205200]","[25.85, 26.14, 25.67, 25.86, 8609600]","[25.86, 26.03, 25.69, 25.91, 7250400]","[25.96, 26.36, 25.96, 26.12, 5685000]","[26.12, 26.14, 25.75, 25.84, 4108400]","[25.84, 26.04, 25.76, 26.04, 3496600]","[26.14, 26.25, 25.68, 25.72, 4044600]","[25.72, 25.8, 25.46, 25.56, 3201000]","[25.56, 25.82, 25.46, 25.53, 1914400]","[25.45, 25.8, 25.24, 25.64, 3672000]","[25.64, 25.64, 25.09, 25.43, 7324800]","[25.43, 25.7, 25.22, 25.56, 5250800]","[25.56, 26.27, 25.56, 26.07, 6098200]","[26.04, 26.09, 25.77, 26.08, 4689400]","[26.15, 26.36, 25.81, 26.0, 5197200]","[26.08, 26.27, 25.75, 25.97, 5129400]","[26.11, 26.26, 24.93, 25.02, 16267600]","[25.34, 25.66, 25.11, 25.12, 9025000]","[25.12, 25.53, 25.02, 25.44, 4387800]","[25.4, 25.83, 25.4, 25.79, 4759400]","[25.71, 26.33, 25.65, 26.24, 6047400]","[26.11, 26.2, 25.67, 25.83, 6464400]","[25.83, 26.24, 25.82, 26.16, 3871200]","[26.27, 26.6, 26.2, 26.58, 5245800]","[26.62, 27.05, 26.51, 26.63, 6079200]","[27.28, 27.44, 27.14, 27.36, 6915200]","[27.43, 28.03, 27.25, 27.89, 7655400]","[28.0, 28.53, 27.91, 28.31, 7455600]","[28.26, 28.41, 27.99, 28.26, 4181000]","[28.19, 28.76, 28.16, 28.68, 5516200]","[28.75, 28.9, 28.6, 28.82, 5291400]","[28.9, 29.23, 28.88, 29.18, 4492000]","[29.21, 29.22, 28.77, 29.22, 4662600]","[29.17, 29.44, 29.04, 29.13, 4194000]","[29.21, 29.39, 28.95, 29.19, 4628600]","[29.52, 29.71, 29.28, 29.52, 3939400]","[29.52, 29.81, 29.27, 29.7, 3567400]","[29.7, 29.7, 29.26, 29.29, 3919800]","[29.31, 29.53, 29.1, 29.26, 3692000]","[29.68, 29.8, 29.23, 29.52, 5179800]","[29.55, 29.91, 29.47, 29.9, 3674000]","[29.96, 30.17, 29.91, 30.14, 1418600]","[30.14, 30.27, 29.48, 29.61, 5228000]","[29.49, 29.81, 29.3, 29.73, 4185000]","[29.73, 30.09, 29.73, 30.09, 3336400]","[30.09, 30.09, 29.57, 29.79, 3408600]","[29.71, 29.82, 29.26, 29.53, 4909600]","[29.53, 29.68, 29.36, 29.42, 2917000]","[29.5, 30.07, 29.46, 29.5, 4527400]","[29.5, 29.57, 29.24, 29.43, 3430600]","[29.3, 29.8, 28.97, 29.71, 5305200]","[29.71, 29.91, 29.55, 29.76, 2900600]","[29.99, 30.53, 29.86, 30.52, 4642000]","[30.52, 30.6, 29.99, 30.43, 4624000]","[30.44, 30.91, 30.39, 30.82, 4284200]"
5,MO,"[4.85, 4.88, 4.82, 4.82, 13874600]","[4.8, 4.89, 4.8, 4.86, 7555300]","[4.86, 4.87, 4.78, 4.8, 5582900]","[4.73, 4.84, 4.73, 4.8, 6093200]","[4.84, 4.94, 4.81, 4.91, 7047000]","[4.89, 4.95, 4.85, 4.94, 6121300]","[4.95, 5.01, 4.95, 5.0, 6977500]","[5.02, 5.11, 5.01, 5.1, 7447100]","[5.1, 5.12, 5.07, 5.08, 5374100]","[5.08, 5.1, 5.05, 5.05, 4263700]","[5.09, 5.15, 5.04, 5.07, 6373400]","[5.09, 5.09, 4.98, 4.98, 4834900]","[4.94, 5.02, 4.91, 4.94, 5183400]","[4.98, 5.02, 4.96, 5.0, 3634800]","[5.0, 5.0, 4.96, 4.99, 5852500]","[5.01, 5.05, 5.01, 5.01, 6156100]","[5.02, 5.04, 4.99, 4.99, 3614900]","[5.0, 5.06, 4.99, 5.05, 6087700]","[4.96, 5.04, 4.96, 5.04, 5072100]","[5.09, 5.09, 5.0, 5.04, 5343100]","[5.06, 5.07, 4.99, 5.04, 5452100]","[5.02, 5.07, 4.99, 5.03, 5323000]","[5.01, 5.02, 4.97, 4.97, 4130500]","[5.0, 5.03, 4.9, 4.9, 5557300]","[4.9, 4.99, 4.88, 4.99, 6442000]","[4.98, 5.12, 4.98, 5.1, 5977300]","[5.1, 5.2, 5.09, 5.17, 7247600]","[5.17, 5.19, 5.1, 5.15, 6739600]","[5.16, 5.21, 5.14, 5.16, 5019500]","[5.18, 5.24, 5.16, 5.16, 5697700]","[5.31, 5.39, 5.22, 5.31, 13005200]","[5.31, 5.83, 5.3, 5.76, 35838900]","[5.79, 5.82, 5.67, 5.74, 12874900]","[5.78, 5.84, 5.75, 5.78, 11214200]","[5.75, 5.82, 5.73, 5.73, 7541100]","[5.75, 5.84, 5.71, 5.74, 11346200]","[5.77, 5.82, 5.74, 5.8, 5527200]","[5.8, 5.83, 5.77, 5.82, 5464400]","[5.8, 5.82, 5.74, 5.77, 5881100]","[5.74, 5.81, 5.74, 5.78, 4877500]","[5.82, 6.11, 5.81, 6.1, 20187400]","[6.2, 6.33, 6.15, 6.24, 23963700]","[6.2, 6.24, 6.07, 6.17, 9782100]","[6.16, 6.18, 6.1, 6.14, 7844400]","[6.12, 6.14, 6.0, 6.08, 8433100]","[6.04, 6.14, 6.03, 6.1, 5223200]","[6.08, 6.18, 6.08, 6.18, 2234900]","[6.18, 6.21, 6.05, 6.15, 5832600]","[6.16, 6.17, 6.08, 6.11, 5481000]","[6.13, 6.16, 6.0, 6.07, 8812200]","[6.14, 6.18, 6.1, 6.16, 4611100]","[6.15, 6.25, 6.14, 6.2, 5155600]","[6.16, 6.23, 6.16, 6.16, 4334100]","[6.16, 6.21, 6.11, 6.14, 6020400]","[6.17, 6.17, 6.11, 6.17, 4387400]","[6.15, 6.26, 6.11, 6.25, 5993300]","[6.32, 6.39, 6.21, 6.28, 8289700]","[6.31, 6.38, 6.29, 6.36, 6734100]","[6.37, 6.46, 6.35, 6.46, 9848600]","[6.43, 6.48, 6.3, 6.46, 10908800]"
6,GMGMQ,,,,,,,,,,,,,,,,,,,,,,,,,,,,,,,,,,,,,,,,,,,,,,,,,,,,,,,,,,,,
7,KO,"[10.33, 10.37, 10.24, 10.24, 20142000]","[10.24, 10.3, 10.14, 10.14, 15195200]","[10.14, 10.16, 10.07, 10.13, 14931800]","[9.94, 10.13, 9.94, 10.04, 17705800]","[10.08, 10.15, 10.06, 10.13, 13817200]","[10.08, 10.16, 10.04, 10.14, 13398800]","[10.17, 10.23, 10.11, 10.15, 12534000]","[10.26, 10.33, 10.2, 10.21, 15593800]","[10.22, 10.36, 10.22, 10.32, 13469800]","[10.32, 10.42, 10.28, 10.3, 15395400]","[10.28, 10.36, 10.25, 10.36, 12522200]","[10.37, 10.38, 10.16, 10.16, 8238000]","[10.15, 10.21, 10.11, 10.13, 13898800]","[10.16, 10.17, 10.09, 10.14, 7699200]","[10.05, 10.1, 10.02, 10.08, 11810200]","[10.08, 10.11, 9.94, 9.98, 12224000]","[10.01, 10.08, 9.92, 9.92, 10283600]","[10.0, 10.0, 9.9, 9.93, 14591400]","[9.91, 9.96, 9.88, 9.94, 10428200]","[10.07, 10.07, 9.93, 9.98, 15291600]","[9.95, 10.01, 9.95, 9.99, 11038000]","[9.96, 10.01, 9.92, 10.0, 11923600]","[10.13, 10.2, 9.82, 9.86, 22106400]","[9.89, 9.89, 9.73, 9.79, 14432800]","[9.82, 10.01, 9.7, 9.96, 16715800]","[9.91, 10.24, 9.86, 10.24, 17942400]","[10.22, 10.32, 10.13, 10.26, 12326400]","[10.36, 10.36, 10.26, 10.3, 16822600]","[10.31, 10.33, 10.21, 10.27, 11649200]","[10.13, 10.45, 10.13, 10.3, 12005400]","[10.33, 10.41, 10.29, 10.35, 13773800]","[10.38, 10.51, 10.37, 10.48, 17884000]","[10.56, 10.57, 10.43, 10.49, 12283600]","[10.53, 10.54, 10.43, 10.46, 10122200]","[10.5, 10.53, 10.44, 10.45, 10215800]","[10.51, 10.51, 10.39, 10.43, 10052000]","[10.18, 10.41, 9.97, 10.38, 37510800]","[10.31, 10.34, 10.16, 10.33, 23008600]","[10.31, 10.34, 10.24, 10.28, 13567400]","[10.28, 10.39, 10.17, 10.2, 14366400]","[10.21, 10.33, 10.11, 10.2, 14161200]","[10.26, 10.26, 10.15, 10.2, 12628600]","[10.18, 10.23, 10.06, 10.07, 18230600]","[10.11, 10.11, 10.0, 10.1, 14761600]","[10.08, 10.1, 9.98, 10.06, 15814800]","[10.08, 10.09, 10.03, 10.08, 11893600]","[10.06, 10.12, 10.05, 10.1, 6474800]","[10.26, 10.26, 10.1, 10.19, 13666800]","[10.14, 10.19, 10.06, 10.09, 16382800]","[10.12, 10.2, 10.08, 10.2, 20019800]","[10.2, 10.39, 10.19, 10.37, 25100400]","[10.39, 10.58, 10.39, 10.44, 20564000]","[10.46, 10.47, 10.33, 10.36, 11860600]","[10.36, 10.39, 10.3, 10.3, 11603200]","[10.35, 10.39, 10.31, 10.36, 12023200]","[10.3, 10.5, 10.28, 10.47, 15715600]","[10.33, 10.45, 10.33, 10.4, 10780000]","[10.42, 10.5, 10.32, 10.48, 13432400]","[10.48, 10.62, 10.47, 10.6, 14325800]","[10.63, 10.66, 10.52, 10.64, 12765800]"
8,DD,"[41.85, 42.01, 41.59, 41.59, 1658300]","[41.6, 41.68, 40.99, 41.06, 2674300]","[41.28, 42.16, 41.22, 41.99, 3010100]","[41.78, 42.51, 41.69, 42.24, 2036000]","[42.39, 43.5, 42.38, 43.33, 3375500]","[43.33, 44.34, 43.33, 44.31, 4921300]","[44.24, 44.92, 44.05, 44.7, 4238900]","[44.69, 44.99, 44.28, 44.89, 3414600]","[45.02, 45.35, 44.79, 44.82, 3687600]","[44.72, 45.1, 44.32, 44.92, 3784200]","[45.0, 45.91, 44.75, 45.87, 2599600]","[45.58, 45.75, 44.91, 44.96, 2152000]","[44.82, 44.92, 44.22, 44.61, 1631700]","[44.53, 45.02, 44.42, 44.47, 863700]","[44.18, 44.38, 43.64, 44.24, 1243800]","[44.31, 44.39, 42.84, 43.31, 2427800]","[43.31, 43.5, 42.85, 43.03, 1656400]","[43.63, 44.07, 42.96, 43.74, 1894900]","[43.43, 44.41, 43.23, 44.15, 1459500]","[44.18, 44.46, 42.95, 43.03, 2042000]","[42.56, 43.32, 42.42, 42.46, 3359100]","[42.49, 42.73, 41.56, 42.12, 3445400]","[42.29, 44.54, 41.38, 43.14, 8670900]","[42.82, 43.75, 42.64, 43.35, 2541100]","[43.59, 43.93, 43.01, 43.86, 2262600]","[43.83, 44.76, 43.43, 44.53, 2911600]","[44.13, 44.19, 42.94, 43.6, 2762400]","[43.45, 44.67, 43.45, 44.46, 2345300]","[44.32, 44.99, 44.11, 44.71, 2943300]","[44.67, 45.09, 44.31, 44.52, 1982700]","[45.11, 45.61, 45.03, 45.4, 2890000]","[45.4, 46.75, 45.02, 46.7, 3406600]","[47.0, 47.57, 46.91, 47.12, 3825500]","[47.09, 47.49, 46.95, 47.21, 2386400]","[47.13, 47.94, 47.13, 47.6, 4180500]","[47.63, 48.03, 47.51, 47.89, 3974700]","[47.89, 48.23, 47.77, 48.04, 2142500]","[48.09, 48.92, 48.09, 48.84, 3162200]","[48.53, 48.71, 48.0, 48.38, 2254500]","[48.04, 48.56, 47.94, 47.98, 2429400]","[48.88, 49.45, 48.13, 48.33, 5324000]","[48.58, 49.47, 48.5, 48.81, 2497900]","[49.07, 49.07, 48.07, 48.36, 2057500]","[48.37, 49.13, 48.18, 48.98, 2059400]","[49.12, 49.42, 48.79, 49.11, 2484100]","[49.31, 49.56, 49.19, 49.52, 2115500]","[49.67, 50.21, 49.54, 49.88, 1019300]","[49.67, 50.39, 49.48, 50.26, 2113500]","[50.01, 50.6, 49.9, 49.93, 2081700]","[50.05, 50.79, 49.88, 50.48, 2062500]","[50.3, 50.49, 49.12, 49.41, 2556600]","[49.17, 49.69, 48.87, 49.23, 3079400]","[49.32, 49.71, 49.2, 49.56, 2054300]","[49.66, 49.86, 48.08, 48.16, 3074600]","[47.54, 48.13, 46.89, 48.07, 3627700]","[47.74, 48.47, 46.77, 48.3, 2632900]","[48.49, 48.92, 47.94, 48.2, 1823500]","[48.31, 48.91, 48.25, 48.79, 1670700]","[48.67, 49.27, 48.48, 48.48, 2402900]","[48.86, 49.27, 48.41, 49.13, 2513700]"
9,XOM,"[31.66, 31.66, 31.34, 31.44, 13901800]","[30.95, 31.11, 30.68, 30.73, 17358300]","[30.66, 30.9, 30.63, 30.77, 12711100]","[30.66, 31.06, 30.66, 30.86, 12067500]","[30.98, 31.38, 30.97, 31.22, 13271700]","[31.15, 32.03, 30.63, 30.98, 16320600]","[30.98, 31.13, 30.88, 31.1, 13737000]","[31.17, 31.5, 31.11, 31.46, 11307500]","[31.37, 31.82, 31.22, 31.47, 13297900]","[31.6, 31.86, 31.59, 31.73, 10938300]","[31.75, 32.19, 31.14, 32.19, 12856100]","[31.74, 32.47, 31.74, 32.0, 10731300]","[32.04, 32.32, 32.0, 32.07, 10540200]","[32.17, 32.2, 31.79, 32.03, 7516100]","[31.88, 32.09, 31.74, 31.76, 9854400]","[31.49, 31.5, 31.0, 31.19, 14658700]","[31.23, 31.61, 31.22, 31.34, 11669900]","[31.49, 31.66, 31.3, 31.54, 11018500]","[31.4, 31.63, 31.33, 31.37, 9196300]","[31.2, 31.42, 31.03, 31.08, 11426100]","[31.08, 31.51, 31.04, 31.44, 12260300]","[31.43, 31.58, 31.2, 31.4, 11124800]","[31.46, 31.72, 31.29, 31.33, 10012500]","[31.27, 31.58, 31.22, 31.4, 10414500]","[31.36, 31.78, 31.33, 31.78, 12625500]","[31.75, 31.77, 31.2, 31.49, 13578400]","[31.27, 31.59, 31.04, 31.28, 18310900]","[31.09, 31.69, 31.09, 31.67, 14362400]","[31.78, 31.85, 31.21, 31.41, 13740100]","[31.24, 31.48, 31.04, 31.16, 12039800]","[31.53, 31.78, 31.26, 31.7, 13050800]","[31.84, 32.3, 31.82, 32.29, 15646000]","[32.17, 32.45, 32.02, 32.42, 14269300]","[32.39, 32.46, 32.14, 32.28, 10841900]","[32.22, 32.31, 31.87, 31.9, 12219100]","[31.9, 32.18, 31.63, 32.13, 11937600]","[32.05, 32.2, 31.9, 32.12, 8789200]","[32.02, 32.67, 31.98, 32.62, 11398200]","[32.43, 32.46, 31.8, 32.07, 12708700]","[32.02, 32.29, 31.96, 31.96, 9986000]","[32.09, 32.44, 32.06, 32.34, 11498300]","[32.43, 32.45, 32.21, 32.38, 9056100]","[32.41, 32.6, 32.34, 32.59, 13992400]","[32.59, 32.97, 32.54, 32.93, 11662200]","[32.93, 33.17, 32.91, 33.12, 14183000]","[33.12, 33.31, 33.03, 33.31, 9616200]","[33.37, 33.64, 33.37, 33.41, 4497700]","[33.43, 33.5, 32.87, 33.23, 10090700]","[33.13, 33.46, 33.13, 33.15, 12921800]","[33.16, 33.44, 32.89, 33.09, 13623400]","[32.8, 32.91, 32.31, 32.45, 16075400]","[32.15, 32.63, 32.09, 32.52, 13215900]","[32.52, 32.65, 32.29, 32.43, 10954300]","[32.43, 32.54, 32.02, 32.15, 12153000]","[31.93, 32.4, 31.63, 32.36, 13562300]","[32.28, 32.55, 31.92, 32.55, 14639300]","[32.54, 32.63, 32.27, 32.44, 10928500]","[32.63, 32.78, 32.57, 32.78, 11795800]","[32.6, 32.86, 32.59, 32.77, 10524500]","[32.7, 32.78, 32.55, 32.67, 12666200]"
10,GE,"[19.33, 19.36, 19.05, 19.18, 21194900]","[19.21, 19.21, 18.99, 19.01, 15845900]","[19.05, 19.06, 18.89, 19.0, 13856900]","[18.84, 18.94, 18.77, 18.84, 17581900]","[18.88, 19.03, 18.79, 18.94, 16036500]","[19.02, 19.1, 18.93, 19.02, 15034700]","[18.99, 19.11, 18.94, 19.1, 21870800]","[19.17, 19.33, 19.14, 19.32, 16320500]","[19.34, 19.48, 19.27, 19.4, 16154500]","[19.39, 19.4, 19.23, 19.36, 12993800]","[19.39, 19.56, 19.3, 19.55, 14912900]","[19.42, 19.55, 19.31, 19.31, 14507000]","[19.32, 19.51, 19.05, 19.19, 19081700]","[19.22, 19.39, 19.21, 19.34, 9128300]","[19.22, 19.45, 19.17, 19.35, 12585400]","[19.48, 19.5, 19.08, 19.17, 15940300]","[19.17, 19.22, 18.99, 19.03, 13166800]","[19.06, 19.21, 18.99, 19.08, 15729400]","[18.99, 19.35, 18.89, 19.27, 15744100]","[19.27, 19.39, 19.01, 19.01, 17033900]","[19.04, 19.07, 18.8, 18.89, 17073900]","[18.85, 19.05, 18.77, 18.98, 17330200]","[18.98, 19.02, 18.62, 18.74, 17153800]","[18.82, 18.82, 18.57, 18.71, 15249400]","[18.82, 19.14, 18.71, 19.13, 20869300]","[19.09, 19.31, 18.97, 19.31, 17356400]","[19.22, 19.42, 19.17, 19.35, 14955000]","[19.28, 19.42, 19.22, 19.4, 19064200]","[19.39, 19.42, 19.23, 19.36, 13435900]","[19.31, 19.55, 19.28, 19.36, 17599900]","[19.56, 19.59, 19.35, 19.52, 19662800]","[19.54, 19.96, 19.52, 19.96, 26243300]","[20.02, 20.13, 19.78, 20.01, 21721900]","[19.96, 20.03, 19.86, 19.97, 13956000]","[19.92, 20.16, 19.92, 20.14, 16447200]","[20.18, 20.25, 20.08, 20.09, 17727800]","[20.14, 20.41, 20.13, 20.36, 14950300]","[20.46, 20.62, 20.38, 20.62, 19585600]","[20.62, 20.63, 20.45, 20.53, 14907700]","[20.5, 20.61, 20.39, 20.53, 13667600]","[20.63, 20.93, 20.53, 20.67, 19394100]","[20.7, 20.96, 20.69, 20.95, 16331200]","[20.95, 20.95, 20.44, 20.63, 22682900]","[20.62, 20.63, 20.44, 20.52, 15973000]","[20.46, 20.5, 20.18, 20.37, 21861900]","[20.39, 20.47, 20.22, 20.27, 17477900]","[20.25, 20.26, 20.16, 20.16, 8205400]","[20.23, 20.32, 19.97, 20.08, 22495700]","[20.08, 20.25, 20.08, 20.11, 23990000]","[20.11, 20.48, 20.11, 20.48, 22578100]","[20.39, 20.52, 20.33, 20.44, 16617400]","[20.38, 20.49, 20.27, 20.38, 15771400]","[20.27, 20.34, 20.24, 20.29, 12172600]","[20.25, 20.27, 20.06, 20.08, 19514500]","[20.27, 20.42, 20.21, 20.31, 17044100]","[20.23, 20.52, 20.19, 20.48, 16517100]","[20.56, 20.93, 20.47, 20.87, 33320500]","[20.96, 21.34, 20.94, 21.32, 29323300]","[21.26, 21.47, 21.14, 21.26, 27425200]","[21.26, 21.33, 21.05, 21.26, 21206700]"
11,AA,"[60.31, 61.23, 60.31, 60.82, 1679100]","[61.04, 61.04, 60.25, 60.82, 1514800]","[60.78, 61.72, 60.45, 61.09, 2425900]","[61.13, 62.25, 61.04, 61.35, 1878200]","[61.43, 64.07, 61.41, 63.97, 3353900]","[64.46, 65.65, 64.36, 65.05, 3960000]","[65.14, 65.93, 64.87, 65.71, 2909400]","[66.38, 66.69, 65.95, 66.53, 2190500]","[66.53, 66.9, 65.73, 66.49, 2259400]","[66.22, 66.9, 65.57, 65.65, 1790500]","[65.53, 67.06, 65.34, 66.83, 1675700]","[67.06, 67.69, 66.67, 66.67, 2273900]","[65.93, 67.69, 65.07, 65.34, 2927700]","[65.73, 65.73, 65.03, 65.24, 952000]","[64.75, 65.07, 63.77, 64.93, 1669600]","[64.05, 64.05, 61.82, 62.97, 2950800]","[62.97, 63.68, 62.7, 63.68, 2554900]","[63.68, 64.26, 63.62, 63.72, 1725000]","[63.15, 64.11, 63.03, 63.56, 1144400]","[63.48, 63.83, 60.84, 61.23, 2268400]","[60.84, 61.8, 60.84, 61.15, 1811300]","[61.58, 62.29, 61.04, 62.11, 1811400]","[62.44, 62.7, 61.82, 61.94, 1031200]","[62.07, 62.99, 61.97, 62.72, 1551300]","[62.68, 64.75, 62.68, 64.63, 1860400]","[64.36, 65.5, 64.07, 65.28, 1827000]","[63.38, 63.93, 62.21, 63.4, 2811900]","[63.09, 64.46, 62.99, 63.58, 1662500]","[63.87, 64.56, 63.75, 64.3, 1456000]","[64.3, 64.32, 62.7, 62.76, 2037300]","[63.7, 63.78, 62.13, 63.09, 2451100]","[63.11, 65.59, 63.11, 65.25, 2345600]","[65.65, 66.06, 64.88, 65.53, 1403800]","[65.55, 66.04, 64.78, 65.49, 1129800]","[65.35, 65.65, 64.82, 65.15, 1327800]","[65.35, 65.94, 64.94, 65.15, 1185300]","[65.15, 65.8, 64.86, 65.76, 1169900]","[65.94, 67.67, 65.88, 67.36, 2254400]","[67.59, 67.63, 66.39, 66.45, 1478900]","[66.79, 66.79, 66.06, 66.06, 1197300]","[66.63, 67.34, 66.24, 66.57, 1877000]","[66.53, 67.4, 66.12, 66.75, 1661400]","[66.77, 66.79, 65.67, 66.06, 1191500]","[66.06, 66.45, 65.23, 66.14, 1433000]","[66.86, 66.86, 65.86, 66.0, 1355300]","[66.02, 66.59, 65.92, 66.33, 1373500]","[66.73, 68.36, 66.73, 68.08, 1209900]","[68.71, 68.77, 67.2, 67.77, 2174500]","[68.06, 68.4, 66.53, 66.79, 1756400]","[66.81, 67.65, 66.47, 67.4, 2035700]","[67.41, 67.81, 64.47, 65.71, 2728300]","[64.86, 64.88, 63.68, 64.58, 3206800]","[63.19, 64.01, 62.8, 63.72, 2446500]","[63.72, 63.98, 62.13, 62.29, 2074500]","[61.91, 63.09, 61.2, 62.62, 2312100]","[61.81, 63.23, 61.56, 63.07, 1877100]","[63.39, 64.49, 62.95, 63.09, 2190200]","[63.39, 63.82, 62.99, 63.5, 1523400]","[61.97, 62.56, 60.34, 62.4, 3989000]","[62.4, 62.4, 61.05, 61.52, 3074500]"
12,HD,"[26.53, 26.71, 26.24, 26.32, 6069800]","[26.32, 26.51, 26.22, 26.26, 3818000]","[26.26, 26.71, 26.22, 26.44, 5289200]","[26.42, 26.6, 26.33, 26.36, 4492300]","[26.33, 26.84, 26.06, 26.72, 7447000]","[26.68, 27.1, 26.68, 27.1, 5908200]","[27.02, 27.34, 26.88, 26.97, 9433100]","[27.24, 27.28, 26.97, 27.01, 6472800]","[27.02, 27.46, 27.02, 27.28, 7468200]","[27.18, 27.3, 26.97, 27.2, 5888800]","[27.25, 27.39, 27.08, 27.32, 4025000]","[27.35, 27.49, 27.02, 27.04, 5069600]","[26.91, 27.25, 26.64, 26.85, 6016000]","[27.06, 27.67, 27.05, 27.57, 8886700]","[27.35, 27.52, 26.93, 27.42, 5636500]","[27.52, 27.54, 27.24, 27.38, 5368700]","[27.32, 27.43, 26.91, 27.05, 3965200]","[27.19, 27.44, 26.94, 27.39, 7371900]","[27.39, 27.71, 27.28, 27.65, 7005600]","[27.68, 27.84, 27.23, 27.35, 5545500]","[27.35, 27.39, 27.08, 27.17, 5560000]","[27.11, 27.48, 27.11, 27.34, 4912000]","[27.34, 27.48, 26.92, 26.95, 4380200]","[26.77, 26.77, 26.36, 26.61, 6264900]","[26.6, 27.33, 26.55, 27.3, 6137100]","[27.19, 28.11, 27.18, 28.07, 8385400]","[27.92, 28.52, 27.9, 28.32, 7369600]","[28.26, 28.56, 28.08, 28.27, 8337000]","[28.23, 28.68, 28.18, 28.27, 7110800]","[28.12, 28.6, 28.12, 28.31, 5946600]","[28.82, 28.82, 28.07, 28.36, 7181700]","[28.36, 28.89, 28.25, 28.86, 6686900]","[28.86, 29.38, 28.83, 29.1, 7846500]","[29.04, 29.42, 28.97, 29.21, 5877800]","[29.11, 29.28, 28.79, 28.94, 4926300]","[29.03, 29.21, 28.91, 28.91, 5292700]","[29.16, 29.5, 28.97, 29.43, 5803900]","[29.48, 29.76, 29.42, 29.74, 6469000]","[29.67, 30.27, 29.5, 30.13, 9986300]","[30.46, 30.48, 29.35, 29.59, 16544900]","[29.49, 29.8, 29.02, 29.09, 11830900]","[29.09, 29.51, 28.94, 29.46, 9321300]","[29.57, 29.57, 29.35, 29.38, 8913000]","[29.4, 29.87, 29.28, 29.75, 6973200]","[29.74, 29.98, 29.59, 29.95, 6060100]","[29.92, 30.14, 29.81, 29.88, 4722400]","[29.77, 30.06, 29.76, 29.84, 2106000]","[29.8, 29.92, 29.31, 29.61, 7299300]","[29.3, 29.58, 28.79, 28.79, 9843800]","[28.92, 29.35, 28.89, 29.15, 8646500]","[29.15, 29.43, 28.61, 29.06, 8408100]","[28.85, 29.14, 28.73, 28.81, 6244100]","[28.68, 29.08, 28.68, 28.96, 5012800]","[28.82, 29.21, 28.77, 28.8, 6350400]","[28.96, 29.45, 28.93, 29.34, 5893900]","[29.34, 29.64, 29.1, 29.57, 5861300]","[29.61, 29.67, 29.32, 29.4, 4620400]","[29.47, 29.56, 29.11, 29.48, 4595500]","[29.44, 29.51, 29.2, 29.41, 5186000]","[29.47, 29.47, 29.18, 29.3, 4959200]"
13,INTC,"[13.67, 13.7, 13.29, 13.29, 62599600]","[13.32, 13.42, 13.19, 13.27, 68326100]","[13.31, 13.47, 13.06, 13.1, 62089700]","[13.0, 13.29, 12.92, 12.97, 56423800]","[13.08, 13.25, 12.78, 12.81, 78060400]","[12.87, 13.19, 12.84, 13.06, 63569000]","[13.13, 13.27, 12.91, 13.06, 72528600]","[13.21, 13.62, 13.17, 13.57, 73823500]","[13.78, 13.9, 13.57, 13.75, 74330300]","[13.7, 13.98, 13.66, 13.88, 72053700]","[13.78, 13.86, 13.63, 13.75, 57720900]","[13.74, 14.04, 13.73, 13.83, 74716700]","[13.7, 13.85, 13.34, 13.38, 67165500]","[13.46, 13.57, 13.22, 13.42, 49603700]","[13.23, 13.36, 13.16, 13.2, 78499600]","[13.9, 14.01, 13.58, 13.66, 149009700]","[13.66, 13.7, 13.31, 13.35, 83884100]","[13.45, 13.56, 13.27, 13.42, 69746900]","[13.38, 13.54, 13.25, 13.53, 60292700]","[13.71, 13.87, 13.51, 13.54, 84806900]","[13.49, 13.97, 13.49, 13.96, 81351700]","[14.09, 14.26, 13.94, 14.12, 76560700]","[14.09, 14.17, 13.84, 13.86, 58136500]","[13.81, 14.03, 13.81, 13.87, 60217200]","[13.93, 13.97, 13.8, 13.93, 58924900]","[13.9, 14.46, 13.87, 14.32, 63922000]","[14.29, 14.72, 14.28, 14.5, 66702100]","[14.54, 14.65, 14.43, 14.49, 62332400]","[14.44, 14.64, 14.42, 14.61, 49790900]","[14.54, 14.86, 14.49, 14.72, 70811600]","[15.0, 15.08, 14.61, 14.78, 85151700]","[14.66, 14.92, 14.66, 14.92, 61146600]","[15.1, 15.25, 15.08, 15.23, 73254400]","[15.14, 15.26, 15.08, 15.15, 51251300]","[15.13, 15.16, 14.98, 15.05, 47597700]","[14.94, 15.02, 14.7, 14.91, 88258000]","[15.02, 15.17, 14.93, 15.11, 67583100]","[15.21, 15.49, 14.92, 15.45, 92808700]","[15.36, 15.51, 15.27, 15.5, 66704100]","[15.41, 15.57, 15.3, 15.55, 61415500]","[15.64, 16.0, 15.62, 15.86, 80856100]","[15.82, 16.3, 15.79, 16.17, 66373900]","[16.09, 16.13, 15.72, 15.75, 80311000]","[15.62, 15.73, 15.53, 15.71, 58668000]","[15.47, 15.6, 15.1, 15.24, 92066600]","[15.35, 15.44, 15.2, 15.4, 52012100]","[15.25, 15.4, 15.12, 15.13, 23031100]","[15.19, 15.39, 14.85, 15.04, 66808800]","[15.02, 15.06, 14.57, 14.59, 88946000]","[14.67, 15.06, 14.64, 15.06, 84149400]","[15.07, 15.26, 14.76, 14.81, 109438600]","[15.93, 15.98, 15.58, 15.59, 142326300]","[15.6, 15.77, 15.46, 15.66, 63400700]","[15.63, 15.81, 15.3, 15.31, 68931000]","[15.32, 15.34, 15.0, 15.0, 78960300]","[14.88, 15.07, 14.7, 14.84, 112089700]","[14.78, 14.93, 14.67, 14.71, 73460100]","[14.78, 14.87, 14.63, 14.76, 57206500]","[14.95, 15.19, 14.9, 15.15, 76379900]","[15.17, 15.3, 15.03, 15.09, 64347800]"
14,IBM,"[57.35, 57.41, 56.56, 56.65, 5037100]","[56.47, 56.62, 55.93, 56.36, 4801200]","[56.31, 56.94, 56.29, 56.73, 4899500]","[56.51, 56.74, 56.43, 56.55, 4650300]","[56.68, 56.88, 56.36, 56.76, 3874200]","[56.76, 57.1, 56.54, 57.1, 4204500]","[57.21, 57.77, 57.12, 57.61, 5198000]","[57.75, 58.44, 57.7, 58.27, 4538000]","[58.46, 59.2, 58.27, 58.56, 5001400]","[59.1, 59.15, 58.54, 58.67, 5150700]","[58.55, 59.2, 58.52, 59.16, 3984400]","[59.16, 59.2, 58.73, 58.74, 3076900]","[58.75, 59.07, 58.13, 58.26, 4090000]","[58.3, 58.59, 57.97, 58.21, 3016300]","[57.8, 57.92, 57.5, 57.78, 4626600]","[57.96, 58.11, 56.73, 57.1, 6651400]","[56.94, 57.1, 56.64, 56.97, 4233700]","[56.97, 57.28, 56.84, 57.01, 5928500]","[56.64, 57.89, 56.64, 57.73, 7182600]","[59.26, 60.29, 59.13, 60.05, 13692200]","[59.43, 59.93, 59.32, 59.68, 6926800]","[59.4, 59.64, 58.9, 59.2, 6137500]","[59.28, 59.43, 58.65, 58.72, 5988700]","[58.7, 59.73, 58.66, 59.42, 5774500]","[59.35, 60.18, 59.3, 59.8, 7335800]","[59.52, 60.65, 59.46, 60.47, 6035100]","[60.34, 60.63, 60.09, 60.14, 4226500]","[60.07, 60.41, 59.77, 60.3, 4518500]","[60.02, 60.88, 59.96, 60.55, 5160600]","[60.17, 61.29, 60.14, 60.79, 5388700]","[61.31, 61.75, 61.12, 61.28, 6553300]","[61.18, 62.29, 61.02, 62.07, 6951600]","[62.09, 62.84, 62.09, 62.68, 6708400]","[62.27, 63.08, 62.27, 62.86, 4907300]","[62.61, 63.25, 62.61, 62.86, 4513100]","[62.56, 63.48, 62.56, 63.02, 6258400]","[63.01, 64.1, 62.97, 63.81, 7453400]","[63.73, 64.29, 63.66, 64.17, 4958400]","[64.01, 64.63, 63.82, 64.57, 4887600]","[64.12, 64.29, 63.72, 63.88, 5684100]","[64.16, 65.05, 64.16, 64.27, 6353200]","[64.2, 64.43, 63.98, 64.02, 4655900]","[63.92, 64.06, 63.45, 63.59, 5679100]","[63.48, 64.22, 63.39, 64.03, 5814100]","[63.75, 64.2, 63.65, 64.14, 5529900]","[63.98, 64.49, 63.98, 64.27, 3750600]","[63.99, 64.21, 63.67, 63.77, 2204300]","[63.92, 64.88, 63.92, 64.29, 5699800]","[64.06, 64.39, 63.44, 63.44, 5870300]","[63.62, 64.68, 63.6, 64.55, 5664500]","[64.39, 65.15, 64.29, 64.47, 5152300]","[65.0, 65.73, 65.0, 65.36, 7026800]","[65.22, 65.91, 65.07, 65.75, 5263000]","[65.77, 66.14, 64.62, 64.7, 6477100]","[64.92, 65.54, 64.47, 65.07, 5310700]","[64.76, 65.71, 64.43, 65.65, 5713700]","[64.7, 65.97, 64.7, 65.08, 4188300]","[65.2, 65.44, 64.68, 64.93, 4799500]","[64.83, 65.77, 64.82, 65.51, 4493200]","[65.25, 65.77, 65.17, 65.52, 3914500]"
15,JNJ,"[37.02, 37.06, 36.76, 36.84, 4714500]","[36.64, 36.78, 36.33, 36.36, 6333600]","[36.29, 36.62, 36.16, 36.35, 4555900]","[36.22, 36.62, 36.22, 36.34, 4313000]","[36.44, 36.92, 36.17, 36.71, 4975300]","[36.6, 36.67, 36.43, 36.66, 4102400]","[36.78, 36.96, 36.06, 36.21, 7942900]","[36.25, 36.64, 36.08, 36.64, 5786400]","[36.64, 36.93, 36.62, 36.8, 6920300]","[36.88, 37.0, 36.74, 36.94, 3826700]","[36.96, 37.13, 36.82, 37.12, 3743100]","[37.06, 37.08, 35.71, 35.95, 10501300]","[35.63, 35.94, 35.49, 35.56, 8960900]","[35.48, 35.65, 35.23, 35.59, 7255600]","[35.68, 36.57, 35.59, 36.53, 11660700]","[36.59, 36.77, 36.2, 36.33, 7024600]","[36.31, 36.63, 36.31, 36.33, 5820600]","[36.47, 36.65, 36.32, 36.37, 7227200]","[36.13, 36.94, 36.13, 36.85, 6466400]","[36.54, 36.91, 36.3, 36.39, 5435400]","[36.22, 36.96, 36.21, 36.96, 6049000]","[36.84, 37.26, 36.76, 37.14, 6910700]","[37.14, 37.28, 36.8, 36.83, 5131100]","[36.71, 36.84, 36.61, 36.69, 6234900]","[36.65, 36.86, 36.45, 36.79, 6610400]","[36.64, 37.16, 36.58, 37.14, 5945100]","[37.01, 37.34, 36.96, 37.29, 5581200]","[37.24, 37.59, 37.23, 37.53, 6801500]","[37.51, 37.86, 37.35, 37.57, 6724200]","[37.16, 37.93, 37.16, 37.31, 7443800]","[38.08, 38.56, 38.04, 38.22, 9375800]","[38.09, 38.25, 37.81, 38.07, 9121900]","[38.02, 38.41, 37.93, 38.04, 6466200]","[38.12, 38.74, 38.09, 38.47, 6775000]","[38.47, 38.72, 38.27, 38.46, 5096600]","[38.55, 38.98, 38.49, 38.65, 6436700]","[38.57, 39.12, 38.49, 38.96, 5627500]","[39.14, 39.4, 39.04, 39.4, 6120300]","[39.4, 39.72, 39.09, 39.5, 5326500]","[39.46, 39.65, 39.41, 39.42, 3953700]","[39.33, 39.68, 39.24, 39.33, 6264900]","[39.33, 39.63, 39.3, 39.48, 4666700]","[39.41, 39.46, 39.0, 39.1, 5213900]","[39.11, 39.44, 39.11, 39.31, 4752300]","[39.3, 39.33, 38.93, 39.12, 5376000]","[39.19, 39.33, 39.01, 39.08, 4001300]","[38.95, 39.26, 38.94, 39.04, 1672900]","[39.07, 39.34, 38.69, 38.88, 5021800]","[38.82, 39.24, 38.75, 38.96, 8543200]","[38.97, 39.59, 38.9, 39.52, 5431500]","[39.39, 40.04, 39.33, 39.88, 6167000]","[39.88, 40.24, 39.73, 39.99, 6053700]","[39.83, 40.04, 39.83, 39.93, 3369400]","[39.43, 40.01, 38.98, 39.02, 11385900]","[39.35, 39.69, 39.27, 39.5, 5990700]","[39.5, 39.72, 39.24, 39.6, 7539100]","[39.72, 40.43, 38.91, 38.91, 8732900]","[39.06, 39.28, 38.49, 39.17, 8681000]","[39.08, 39.77, 38.97, 39.68, 7057700]","[39.43, 39.64, 39.15, 39.33, 7329000]"
16,JPM,"[26.09, 26.38, 25.99, 26.32, 12767500]","[26.25, 26.26, 26.03, 26.06, 9352100]","[26.07, 26.37, 26.03, 26.25, 8779600]","[26.17, 26.17, 25.8, 25.84, 10374800]","[25.85, 26.07, 25.72, 26.01, 8002100]","[26.01, 26.21, 25.78, 26.21, 7725600]","[26.19, 26.28, 26.03, 26.24, 8422700]","[26.35, 26.68, 26.32, 26.64, 11375700]","[26.86, 26.94, 26.48, 26.48, 12622200]","[26.44, 26.52, 26.02, 26.28, 12012800]","[26.18, 26.33, 26.08, 26.3, 7631200]","[26.32, 26.57, 26.25, 26.33, 7051800]","[26.34, 26.49, 26.15, 26.41, 6542800]","[26.31, 26.44, 26.23, 26.23, 3363700]","[26.01, 26.4, 25.98, 26.32, 8410800]","[26.38, 26.44, 25.94, 26.14, 7602800]","[26.14, 26.14, 25.44, 25.66, 11762100]","[25.66, 26.04, 25.66, 25.8, 8057300]","[25.68, 26.05, 25.66, 25.98, 5915300]","[25.81, 26.23, 25.17, 25.3, 16571000]","[24.44, 24.94, 24.19, 24.81, 23141100]","[24.7, 25.21, 24.68, 25.11, 11568200]","[25.18, 25.23, 24.91, 24.96, 8983300]","[24.96, 25.0, 24.58, 24.66, 11971100]","[24.66, 25.04, 24.61, 24.97, 10566300]","[24.88, 25.43, 24.66, 25.32, 11518800]","[25.21, 25.68, 25.09, 25.63, 8766200]","[25.59, 25.72, 25.32, 25.71, 11215900]","[25.82, 25.94, 25.6, 25.64, 10154500]","[25.64, 26.09, 25.58, 25.68, 9869300]","[26.21, 26.26, 25.73, 25.88, 11104200]","[25.81, 26.42, 25.64, 26.4, 12158700]","[26.4, 26.58, 25.98, 26.21, 13418700]","[26.19, 26.28, 26.05, 26.16, 7547900]","[26.2, 26.3, 26.02, 26.05, 7004600]","[26.1, 26.1, 25.88, 25.94, 7633400]","[26.11, 26.26, 25.89, 26.1, 8004300]","[25.93, 26.17, 25.91, 26.09, 11168600]","[25.98, 26.08, 25.94, 26.08, 8794300]","[25.64, 25.82, 25.58, 25.62, 14141300]","[25.64, 25.86, 25.39, 25.49, 14438700]","[25.44, 25.54, 25.17, 25.19, 14942800]","[25.24, 25.3, 24.82, 24.92, 14346300]","[24.92, 25.21, 24.74, 25.01, 13073300]","[25.08, 25.11, 24.82, 25.02, 10883200]","[25.16, 25.18, 25.01, 25.11, 6854700]","[25.11, 25.17, 25.04, 25.1, 3143500]","[25.1, 25.22, 24.72, 24.85, 10747600]","[24.76, 25.11, 24.68, 25.08, 13032200]","[25.18, 25.5, 25.16, 25.5, 11122800]","[25.48, 25.72, 25.44, 25.6, 8238200]","[25.56, 25.66, 25.3, 25.35, 10918000]","[25.28, 25.59, 25.16, 25.39, 10695800]","[25.44, 25.51, 25.18, 25.18, 8779000]","[25.18, 25.2, 25.0, 25.01, 11421600]","[24.81, 25.24, 24.81, 25.1, 10360900]","[25.08, 25.22, 24.97, 25.06, 8579000]","[25.31, 25.58, 25.26, 25.48, 14880100]","[25.52, 25.84, 25.51, 25.8, 12084600]","[25.84, 26.14, 25.82, 26.0, 13420900]"
17,MCD,"[17.32, 17.32, 16.93, 16.97, 6074200]","[17.03, 17.27, 17.01, 17.05, 3892000]","[17.1, 17.42, 17.1, 17.34, 3740900]","[17.25, 17.63, 17.23, 17.55, 5192300]","[17.45, 17.61, 17.42, 17.57, 3559600]","[17.43, 17.57, 17.37, 17.52, 3305900]","[17.46, 17.67, 17.41, 17.61, 4190300]","[17.59, 17.75, 17.54, 17.68, 4233500]","[17.68, 17.76, 17.53, 17.59, 4825200]","[17.57, 17.59, 17.45, 17.55, 2527400]","[17.53, 17.54, 17.25, 17.49, 5981900]","[17.69, 17.87, 17.52, 17.55, 5878800]","[17.55, 17.7, 17.53, 17.55, 3624500]","[17.55, 17.61, 17.33, 17.39, 3028100]","[17.27, 17.39, 17.16, 17.31, 3913700]","[17.78, 18.14, 17.62, 18.13, 12155000]","[18.0, 18.34, 18.0, 18.27, 6351500]","[18.37, 18.53, 18.19, 18.21, 5329600]","[18.11, 18.52, 18.09, 18.35, 5443300]","[18.35, 18.53, 18.1, 18.22, 7012600]","[18.06, 18.12, 17.81, 18.09, 5219000]","[18.09, 18.21, 17.76, 17.92, 4038500]","[17.89, 18.06, 17.86, 17.92, 4013100]","[17.81, 17.94, 17.65, 17.83, 3644100]","[17.84, 18.14, 17.72, 18.14, 3774300]","[18.01, 18.35, 17.98, 18.34, 3697500]","[18.19, 18.28, 18.13, 18.24, 3659700]","[18.11, 18.31, 18.02, 18.31, 4149800]","[18.25, 18.6, 18.22, 18.58, 4408100]","[18.53, 18.68, 18.25, 18.34, 4254600]","[18.33, 18.5, 18.08, 18.41, 5922500]","[18.42, 18.65, 18.41, 18.62, 7919700]","[18.68, 19.01, 18.63, 18.89, 7508300]","[19.1, 19.48, 18.87, 18.97, 8455300]","[18.9, 19.03, 18.8, 18.96, 4039100]","[19.17, 19.37, 19.08, 19.21, 5405800]","[19.26, 19.47, 19.15, 19.38, 3516400]","[19.44, 19.52, 19.26, 19.52, 3482400]","[19.41, 19.54, 19.35, 19.47, 3491700]","[19.5, 19.5, 19.27, 19.27, 2481300]","[19.4, 19.54, 19.27, 19.45, 4070800]","[19.36, 19.56, 18.97, 19.17, 9666800]","[18.97, 19.04, 18.56, 18.75, 7922100]","[18.84, 18.92, 18.57, 18.8, 4913500]","[18.73, 19.28, 18.72, 19.26, 5600000]","[19.33, 19.73, 19.33, 19.45, 4087500]","[19.41, 19.67, 19.4, 19.56, 1337000]","[19.65, 19.74, 19.2, 19.68, 5229600]","[19.58, 19.74, 19.52, 19.67, 5981400]","[19.77, 20.07, 19.75, 19.97, 6529500]","[20.04, 20.21, 19.93, 20.11, 4122300]","[20.11, 20.11, 19.91, 20.02, 3283700]","[19.97, 19.97, 19.81, 19.89, 3172900]","[19.89, 20.07, 19.78, 19.98, 5115200]","[19.98, 20.32, 19.97, 20.16, 5384600]","[19.97, 20.38, 19.93, 20.34, 7721600]","[20.4, 20.4, 20.09, 20.25, 4021200]","[20.38, 20.47, 20.31, 20.47, 4061800]","[20.47, 20.5, 20.36, 20.42, 5223800]","[20.38, 20.8, 20.38, 20.76, 6104600]"
18,MRK,"[25.0, 25.16, 24.94, 25.08, 5424800]","[25.08, 25.26, 24.77, 24.81, 4936100]","[24.8, 24.87, 24.68, 24.72, 4859600]","[24.12, 25.13, 24.12, 24.92, 7707500]","[25.04, 25.41, 24.94, 25.18, 5832000]","[25.1, 25.26, 25.02, 25.26, 4889500]","[18.72, 19.07, 18.19, 18.5, 145015500]","[18.88, 19.04, 18.61, 18.67, 57510000]","[19.21, 19.24, 18.91, 19.19, 35389500]","[19.19, 19.2, 18.74, 18.74, 27476700]","[18.56, 18.59, 17.74, 17.75, 48441900]","[17.46, 17.52, 16.92, 17.36, 51443700]","[17.26, 17.44, 17.01, 17.01, 22404400]","[17.01, 17.45, 16.67, 17.23, 24169300]","[17.11, 17.38, 16.98, 17.29, 17180200]","[17.48, 17.49, 16.78, 16.85, 23976700]","[16.98, 17.12, 16.89, 16.92, 13876800]","[16.87, 17.23, 16.87, 17.09, 14196100]","[16.98, 17.38, 16.98, 17.32, 12697000]","[17.43, 17.54, 17.39, 17.46, 14573900]","[17.46, 17.64, 17.43, 17.6, 15565000]","[17.53, 17.66, 17.21, 17.52, 10237300]","[17.43, 17.52, 17.09, 17.13, 13515300]","[17.13, 17.17, 16.93, 17.09, 10971700]","[17.08, 17.18, 16.94, 17.18, 12623100]","[17.12, 17.51, 17.1, 17.5, 11927400]","[17.46, 17.75, 17.44, 17.69, 9774900]","[17.66, 17.96, 17.4, 17.55, 16951700]","[16.44, 16.7, 15.69, 15.85, 66591600]","[15.83, 16.0, 14.8, 15.02, 64170500]","[15.47, 15.64, 15.08, 15.62, 49511300]","[15.66, 15.83, 15.07, 15.14, 34322600]","[14.95, 15.08, 14.57, 14.69, 50345300]","[14.62, 14.9, 14.43, 14.89, 35909300]","[14.48, 14.68, 14.43, 14.57, 43053300]","[14.35, 15.06, 14.35, 14.8, 33983300]","[14.88, 14.91, 14.64, 14.66, 19387000]","[14.68, 14.95, 14.68, 14.82, 18561300]","[14.82, 15.32, 14.8, 15.18, 24109500]","[15.27, 15.55, 15.25, 15.4, 20027900]","[15.5, 15.58, 15.3, 15.32, 13938200]","[15.28, 15.41, 15.07, 15.33, 14161700]","[15.25, 15.39, 15.13, 15.2, 13858600]","[15.2, 15.36, 15.13, 15.21, 13002400]","[15.21, 15.25, 15.13, 15.21, 11548000]","[15.27, 15.36, 15.19, 15.26, 11528000]","[15.33, 15.56, 15.33, 15.53, 7337100]","[15.65, 15.75, 15.5, 15.51, 13231600]","[15.5, 15.77, 15.5, 15.7, 16177900]","[15.82, 15.84, 15.52, 15.75, 15687100]","[15.76, 16.29, 15.65, 16.25, 20478800]","[16.25, 16.43, 16.14, 16.3, 16325900]","[16.24, 16.28, 15.97, 15.98, 14032100]","[15.99, 16.05, 15.83, 15.85, 13288500]","[16.05, 16.32, 16.02, 16.3, 20305200]","[16.3, 16.39, 16.19, 16.32, 12445700]","[16.48, 16.62, 16.09, 16.33, 8963600]","[16.34, 16.51, 16.33, 16.51, 12061000]","[16.51, 16.84, 16.51, 16.83, 16938300]","[17.02, 17.34, 16.95, 17.32, 31326500]"
19,MSFT,"[17.71, 18.01, 17.57, 17.61, 68409000]","[17.65, 17.78, 17.64, 17.76, 52155800]","[17.78, 17.83, 17.65, 17.72, 49859800]","[17.64, 17.74, 17.61, 17.65, 47813600]","[17.66, 17.76, 17.55, 17.7, 62055100]","[17.7, 17.98, 17.68, 17.9, 61529300]","[17.91, 18.04, 17.87, 17.95, 71218000]","[18.06, 18.39, 18.03, 18.34, 66302800]","[18.46, 18.48, 18.22, 18.26, 62016200]","[18.27, 18.47, 18.24, 18.42, 58017700]","[18.43, 18.53, 18.33, 18.52, 56999600]","[18.53, 18.56, 18.28, 18.29, 38401500]","[18.24, 18.39, 18.16, 18.17, 49556600]","[18.31, 18.32, 18.13, 18.22, 44691000]","[18.07, 18.28, 18.05, 18.2, 56412900]","[18.3, 18.35, 18.14, 18.2, 49500700]","[18.2, 18.28, 18.05, 18.05, 41548700]","[18.16, 18.33, 18.06, 18.17, 49828500]","[18.22, 18.47, 18.16, 18.44, 50350700]","[18.52, 18.56, 18.29, 18.29, 57026500]","[18.32, 18.66, 18.26, 18.63, 69078100]","[18.7, 18.76, 18.48, 18.54, 94988500]","[18.37, 18.4, 17.9, 18.01, 101912800]","[17.96, 18.03, 17.89, 17.94, 61529500]","[17.99, 18.11, 17.94, 18.11, 76966600]","[18.09, 18.4, 17.9, 18.27, 72392600]","[18.25, 18.53, 18.11, 18.18, 63059600]","[18.26, 18.27, 18.05, 18.16, 80010100]","[18.28, 18.36, 18.15, 18.23, 72930900]","[18.35, 18.48, 18.2, 18.33, 89417100]","[18.6, 18.6, 18.38, 18.48, 79666700]","[18.42, 18.83, 18.42, 18.83, 87867700]","[18.96, 19.06, 18.85, 19.03, 95337700]","[18.94, 19.14, 18.91, 19.01, 112802100]","[19.11, 19.4, 19.05, 19.33, 100401000]","[19.42, 19.48, 19.27, 19.3, 84097700]","[19.4, 19.53, 19.36, 19.46, 87358900]","[19.58, 19.61, 19.35, 19.46, 162269000]","[19.78, 19.9, 19.68, 19.82, 104468000]","[19.77, 19.78, 19.57, 19.62, 64522600]","[19.72, 19.79, 19.58, 19.66, 58830700]","[19.63, 19.66, 19.54, 19.59, 63249900]","[19.56, 19.59, 19.42, 19.43, 85808600]","[19.35, 19.41, 18.88, 19.28, 92410800]","[19.19, 19.32, 19.1, 19.2, 70459700]","[19.26, 19.34, 19.1, 19.28, 60069200]","[19.22, 19.41, 19.21, 19.25, 24398700]","[19.28, 19.5, 19.25, 19.37, 67079900]","[19.35, 19.54, 19.32, 19.4, 75960400]","[19.5, 19.74, 19.4, 19.72, 99889000]","[19.73, 19.83, 19.48, 19.6, 96088300]","[19.65, 19.85, 19.64, 19.7, 76498400]","[19.61, 19.85, 19.59, 19.77, 55297400]","[19.72, 19.81, 19.54, 19.59, 111656000]","[19.54, 19.8, 19.47, 19.8, 95655000]","[19.63, 19.8, 19.49, 19.7, 83006000]","[19.59, 19.67, 19.56, 19.59, 70949200]","[19.61, 19.74, 19.47, 19.72, 93812500]","[19.57, 19.77, 19.56, 19.7, 127843200]","[19.69, 19.83, 19.59, 19.62, 106303900]"
20,HON,"[23.54, 23.54, 23.13, 23.3, 3818500]","[23.22, 23.4, 23.05, 23.3, 3091200]","[23.2, 23.28, 23.1, 23.19, 1877700]","[23.05, 23.2, 23.0, 23.03, 2886900]","[23.03, 23.51, 22.97, 23.36, 3244200]","[23.22, 23.59, 23.22, 23.42, 2537700]","[23.32, 23.68, 23.32, 23.53, 3390400]","[23.55, 24.14, 23.46, 24.12, 3639900]","[24.19, 24.43, 23.97, 24.03, 3331900]","[23.93, 24.16, 23.83, 23.96, 2009300]","[23.96, 24.09, 23.77, 24.09, 2271300]","[23.99, 24.01, 23.42, 23.42, 2939200]","[23.29, 23.72, 23.2, 23.46, 3010300]","[23.46, 23.59, 23.11, 23.32, 2358100]","[23.17, 23.34, 23.09, 23.19, 2300700]","[23.23, 23.55, 22.86, 23.05, 2781100]","[23.04, 23.07, 22.61, 22.82, 2759600]","[22.82, 23.23, 22.82, 22.97, 2238800]","[22.97, 22.98, 22.71, 22.74, 3029200]","[22.93, 23.36, 22.9, 23.26, 4285500]","[23.26, 23.26, 21.75, 22.18, 10559600]","[22.15, 22.23, 21.6, 21.66, 9409900]","[21.68, 21.83, 21.42, 21.47, 6214100]","[21.35, 21.54, 20.9, 21.15, 7469200]","[21.29, 21.75, 21.25, 21.62, 7080300]","[21.74, 22.13, 21.63, 21.88, 5593200]","[21.89, 22.41, 21.83, 22.06, 4890300]","[22.06, 22.42, 21.98, 22.1, 5241300]","[22.15, 23.15, 22.12, 22.99, 8824000]","[23.03, 23.03, 22.48, 22.61, 6432600]","[22.97, 23.15, 22.81, 22.87, 3666900]","[22.98, 23.38, 22.91, 23.34, 4658800]","[23.46, 23.79, 23.33, 23.59, 4182600]","[23.59, 23.91, 23.51, 23.76, 3079500]","[23.76, 24.01, 23.7, 23.8, 3338000]","[23.82, 24.15, 23.82, 23.89, 3066200]","[24.06, 24.14, 23.79, 24.0, 2299100]","[23.97, 24.12, 23.8, 24.03, 2391600]","[23.84, 23.91, 23.53, 23.74, 3054500]","[23.74, 23.75, 23.37, 23.45, 2701300]","[23.56, 23.81, 23.51, 23.69, 3146800]","[23.82, 23.92, 23.69, 23.78, 1878800]","[23.76, 23.83, 23.4, 23.4, 2868000]","[23.46, 23.62, 23.16, 23.52, 2311900]","[23.6, 23.82, 23.3, 23.58, 2837500]","[23.54, 23.72, 23.46, 23.66, 2128800]","[23.65, 23.8, 23.57, 23.57, 823700]","[23.72, 23.91, 23.27, 23.48, 2692200]","[23.41, 23.69, 23.24, 23.31, 2850300]","[23.43, 24.01, 23.36, 23.97, 4096400]","[23.97, 24.01, 23.56, 23.73, 2433900]","[23.76, 23.82, 23.43, 23.54, 2415200]","[23.55, 23.56, 23.17, 23.27, 2744900]","[23.33, 23.36, 22.77, 22.83, 4653900]","[22.86, 22.93, 22.51, 22.81, 4019400]","[22.81, 22.88, 22.52, 22.81, 4914200]","[23.08, 23.63, 22.93, 23.3, 7445900]","[23.59, 24.26, 23.49, 24.05, 9175600]","[23.76, 24.09, 23.62, 24.02, 5420500]","[23.85, 23.95, 23.63, 23.76, 4090100]"
21,PFE,"[16.64, 16.74, 16.28, 16.36, 25605500]","[16.56, 16.56, 16.2, 16.21, 25615700]","[16.25, 16.28, 16.03, 16.07, 28263200]","[16.11, 16.27, 16.02, 16.04, 19222200]","[16.13, 16.41, 16.1, 16.29, 21052500]","[16.39, 16.46, 16.31, 16.35, 15753000]","[16.93, 17.06, 16.33, 16.57, 63646900]","[16.82, 16.82, 16.63, 16.78, 30807600]","[16.95, 17.02, 16.78, 16.95, 20566000]","[17.0, 17.06, 16.89, 16.95, 15551600]","[17.04, 17.05, 16.76, 16.89, 15496100]","[16.29, 16.31, 15.49, 16.24, 84736000]","[16.09, 16.41, 16.05, 16.14, 32156900]","[16.12, 16.48, 16.12, 16.42, 19120100]","[16.25, 16.42, 16.07, 16.17, 23705900]","[16.18, 16.22, 15.88, 16.01, 29268000]","[16.01, 16.07, 15.65, 15.75, 26830600]","[15.71, 15.74, 14.99, 15.44, 67429500]","[15.29, 15.76, 15.29, 15.71, 24354100]","[15.76, 15.97, 15.71, 15.71, 20951500]","[15.35, 15.62, 15.3, 15.33, 27460500]","[15.41, 15.49, 15.27, 15.4, 22009800]","[15.39, 15.44, 15.0, 15.03, 29918100]","[15.03, 15.11, 14.76, 15.05, 24351500]","[15.05, 15.36, 15.0, 15.35, 24832600]","[15.31, 15.73, 15.3, 15.73, 23000100]","[15.73, 15.76, 15.47, 15.55, 24921800]","[15.57, 15.69, 15.46, 15.68, 21395900]","[15.68, 15.68, 15.43, 15.6, 27604000]","[15.65, 15.88, 15.34, 15.55, 28630200]","[16.47, 16.52, 15.87, 15.95, 48491200]","[16.25, 16.25, 14.73, 15.74, 80547700]","[15.79, 15.85, 15.5, 15.59, 38673000]","[15.22, 15.43, 15.09, 15.39, 39815000]","[15.3, 15.48, 15.25, 15.25, 25951700]","[14.9, 15.09, 14.78, 14.97, 47305800]","[14.85, 15.01, 14.79, 14.79, 34182100]","[14.82, 14.99, 14.72, 14.96, 32304700]","[14.98, 15.19, 14.85, 15.05, 29910700]","[15.07, 15.12, 14.88, 14.89, 22483200]","[14.89, 15.28, 14.88, 15.25, 38734800]","[15.32, 15.49, 15.13, 15.13, 30605800]","[15.14, 15.18, 14.8, 14.84, 29856000]","[14.9, 14.96, 14.74, 14.75, 23525300]","[14.78, 14.82, 14.52, 14.66, 31957800]","[14.74, 14.81, 14.47, 14.6, 34631800]","[14.58, 14.88, 14.58, 14.8, 13158900]","[14.89, 15.07, 14.86, 14.89, 30736200]","[15.07, 15.31, 14.95, 15.13, 48662900]","[15.26, 15.51, 15.22, 15.38, 32507200]","[15.5, 15.54, 15.38, 15.51, 30980800]","[15.58, 15.58, 15.14, 15.2, 38281500]","[14.93, 14.93, 14.74, 14.83, 48363300]","[14.91, 15.09, 14.82, 14.82, 35379100]","[14.82, 15.01, 14.74, 14.99, 27243400]","[15.0, 15.02, 14.79, 14.91, 29278900]","[14.83, 14.9, 14.74, 14.76, 28504900]","[14.76, 14.89, 14.73, 14.8, 36729200]","[14.83, 14.95, 14.81, 14.89, 33170700]","[14.96, 15.46, 14.94, 15.43, 41655000]"
22,PG,"[34.92, 35.15, 34.77, 34.92, 5887600]","[34.91, 35.06, 34.82, 34.91, 4787500]","[34.7, 34.98, 34.62, 34.78, 5702700]","[34.68, 34.82, 34.47, 34.49, 5009600]","[34.57, 34.61, 34.26, 34.58, 4890600]","[34.44, 35.04, 34.32, 35.02, 7213600]","[34.78, 35.19, 34.65, 34.8, 6556400]","[34.95, 35.16, 34.82, 35.15, 4841700]","[35.2, 35.31, 34.92, 34.95, 5697400]","[34.86, 34.96, 34.74, 34.89, 3869500]","[34.89, 34.97, 34.73, 34.92, 4372300]","[34.95, 34.98, 34.47, 34.5, 3844700]","[34.35, 34.74, 34.23, 34.37, 5804700]","[34.37, 34.66, 34.15, 34.52, 3895100]","[34.34, 34.71, 34.34, 34.43, 4792600]","[34.41, 34.43, 33.94, 34.1, 4949800]","[33.99, 34.23, 33.98, 34.07, 3913500]","[34.43, 34.97, 34.39, 34.53, 5136600]","[34.48, 34.59, 34.25, 34.51, 4807600]","[34.51, 34.7, 34.08, 34.08, 3933900]","[34.12, 34.61, 34.1, 34.61, 4315100]","[34.45, 34.88, 34.17, 34.65, 4638100]","[34.7, 34.78, 34.25, 34.28, 3577500]","[34.25, 34.25, 33.73, 33.81, 5176700]","[33.5, 34.38, 33.3, 34.38, 8732300]","[33.76, 34.08, 32.83, 33.46, 15659900]","[33.92, 33.92, 32.65, 33.15, 14623700]","[32.95, 33.28, 32.95, 33.07, 8496100]","[33.12, 33.26, 32.86, 32.95, 7285200]","[32.95, 33.05, 32.82, 32.93, 8559400]","[33.57, 33.57, 33.1, 33.51, 6472800]","[33.6, 34.42, 33.49, 34.37, 7271300]","[34.5, 34.82, 34.37, 34.58, 5918500]","[34.58, 34.58, 34.17, 34.43, 5415700]","[34.5, 34.66, 34.05, 34.1, 5673000]","[34.15, 34.61, 34.12, 34.25, 5087400]","[34.49, 35.0, 34.39, 34.89, 5025600]","[34.9, 35.38, 34.83, 35.28, 5692900]","[35.28, 35.42, 34.94, 35.2, 5108200]","[35.22, 35.31, 35.03, 35.12, 4340400]","[35.2, 35.37, 35.0, 35.21, 4369100]","[35.14, 35.51, 35.04, 35.39, 3825200]","[35.4, 35.51, 34.92, 35.1, 4902200]","[34.94, 35.27, 34.9, 35.19, 4004600]","[35.19, 35.22, 34.73, 34.93, 4242900]","[34.99, 35.08, 34.74, 34.85, 3257100]","[34.86, 34.92, 34.66, 34.66, 1609800]","[34.87, 35.18, 34.58, 34.96, 5204200]","[34.9, 35.02, 34.56, 34.56, 5176500]","[34.61, 35.4, 34.6, 35.32, 6519600]","[35.12, 36.07, 34.99, 36.07, 7404700]","[35.54, 35.81, 35.51, 35.79, 6512000]","[35.6, 35.71, 34.92, 35.09, 5014300]","[35.03, 35.32, 34.92, 34.92, 5386200]","[34.97, 35.56, 34.9, 35.56, 6878200]","[35.58, 36.49, 35.54, 36.43, 9406500]","[37.09, 37.09, 35.87, 36.47, 5080100]","[36.47, 36.63, 36.25, 36.5, 4471200]","[36.36, 36.54, 36.02, 36.5, 4430800]","[36.3, 36.38, 35.93, 36.26, 5477500]"
23,C,"[408.57, 408.57, 399.3, 399.3, 2187000]","[398.58, 400.02, 394.62, 394.8, 1520000]","[395.7, 397.77, 392.46, 397.23, 1860900]","[396.15, 396.87, 391.74, 392.37, 1753200]","[393.18, 398.85, 392.37, 398.67, 1728500]","[395.25, 402.18, 395.16, 402.18, 1547100]","[400.56, 401.73, 395.88, 396.96, 1651300]","[400.11, 404.07, 398.13, 403.71, 1361200]","[404.88, 405.96, 400.65, 402.45, 1512400]","[402.36, 404.25, 398.76, 400.56, 1264000]","[400.38, 402.54, 397.95, 402.54, 1187000]","[402.9, 405.78, 401.91, 402.72, 1068100]","[402.72, 406.5, 398.58, 400.92, 1081800]","[401.37, 404.7, 401.37, 403.62, 787900]","[400.38, 405.24, 400.38, 403.08, 1208400]","[405.33, 405.87, 396.06, 396.87, 1365800]","[398.04, 398.94, 389.22, 393.18, 1980000]","[398.22, 399.39, 394.44, 395.34, 1559300]","[392.46, 399.03, 392.46, 397.86, 1077100]","[398.58, 401.28, 392.19, 392.19, 1543700]","[391.47, 391.56, 384.72, 389.49, 1882200]","[390.84, 391.65, 385.08, 386.43, 1599300]","[385.89, 387.78, 382.39, 382.93, 1315600]","[382.84, 383.74, 378.79, 383.11, 1629100]","[384.99, 390.39, 384.63, 389.94, 1705800]","[390.03, 395.88, 387.6, 395.43, 1761900]","[393.09, 400.38, 391.83, 398.58, 1505300]","[399.84, 401.29, 397.5, 399.57, 1299300]","[400.29, 401.65, 398.13, 399.03, 1343700]","[399.03, 405.16, 399.03, 404.35, 1641400]","[410.74, 411.1, 405.97, 407.86, 1538400]","[408.04, 415.33, 406.15, 415.06, 1412000]","[416.77, 418.49, 411.73, 415.42, 1646200]","[415.42, 416.86, 413.71, 416.5, 1019000]","[416.5, 419.39, 414.88, 416.14, 1090200]","[415.6, 416.77, 412.9, 414.7, 1121700]","[416.05, 417.77, 413.44, 416.59, 1108400]","[416.05, 424.07, 416.05, 423.89, 1632100]","[423.26, 424.16, 419.21, 420.29, 1379200]","[415.78, 418.31, 413.35, 414.7, 1766100]","[415.87, 419.75, 414.25, 415.87, 1980000]","[416.05, 416.86, 413.44, 413.44, 1612700]","[414.88, 414.88, 405.52, 406.6, 2328700]","[407.5, 409.57, 405.52, 406.78, 1490100]","[407.95, 408.58, 404.71, 407.14, 1482600]","[409.3, 410.65, 408.04, 409.93, 1122900]","[410.2, 410.47, 408.85, 409.03, 532100]","[409.12, 410.47, 403.9, 404.89, 1553300]","[404.98, 405.43, 401.65, 403.0, 1485600]","[405.52, 414.16, 404.62, 413.71, 1536700]","[412.0, 416.05, 411.1, 412.09, 1357600]","[409.93, 413.89, 409.57, 411.1, 1517400]","[411.19, 416.77, 410.2, 415.78, 1418300]","[417.4, 418.67, 414.25, 414.25, 1360300]","[416.14, 417.22, 413.35, 416.86, 1361400]","[414.52, 418.49, 412.63, 418.22, 1125700]","[418.13, 418.67, 412.0, 413.44, 1363000]","[416.41, 421.37, 414.43, 421.19, 1349800]","[421.19, 423.44, 421.1, 422.09, 1444400]","[423.71, 427.13, 422.81, 426.05, 1653600]"
24,AIG,"[1030.98, 1032.59, 1022.63, 1024.68, 233200]","[1020.72, 1022.19, 1010.9, 1015.15, 241000]","[1014.86, 1019.55, 1011.34, 1013.1, 163300]","[1011.2, 1017.94, 1004.6, 1005.92, 209400]","[1006.07, 1008.85, 998.89, 1001.82, 287700]","[1001.82, 1004.46, 996.54, 1003.87, 260700]","[995.08, 1002.99, 991.12, 996.4, 356100]","[996.4, 1009.29, 992.73, 1007.09, 296700]","[1004.02, 1009.73, 999.47, 1003.72, 319600]","[996.54, 999.03, 971.92, 974.56, 589500]","[969.43, 978.96, 956.97, 976.02, 875800]","[975.58, 988.33, 973.09, 979.1, 490500]","[985.55, 991.41, 977.93, 980.42, 345800]","[980.42, 992.73, 980.42, 988.92, 173100]","[984.82, 993.61, 983.79, 987.46, 211300]","[991.41, 995.08, 980.57, 981.74, 260100]","[976.02, 984.08, 862.74, 882.09, 2420000]","[857.32, 877.54, 798.7, 847.79, 3022800]","[838.27, 882.23, 838.27, 874.61, 1095900]","[849.99, 879.45, 842.66, 845.59, 933100]","[839.15, 847.94, 823.91, 844.13, 1061700]","[827.86, 855.85, 825.52, 827.28, 1103600]","[813.94, 824.78, 795.47, 801.63, 1624800]","[809.69, 829.18, 805.0, 822.15, 767500]","[869.04, 886.63, 856.59, 884.14, 1361600]","[885.16, 889.71, 874.17, 879.59, 666700]","[879.45, 903.19, 874.9, 897.03, 522500]","[897.03, 903.34, 878.57, 889.71, 474400]","[896.89, 901.28, 889.12, 890.59, 341300]","[893.96, 910.22, 893.96, 900.84, 390600]","[906.41, 915.21, 877.84, 903.48, 743200]","[882.23, 895.42, 876.37, 894.98, 547600]","[896.89, 902.02, 884.43, 894.69, 429200]","[886.63, 901.28, 880.03, 887.22, 439900]","[896.15, 901.28, 888.83, 890.29, 350700]","[895.42, 899.67, 889.27, 889.56, 332200]","[893.22, 899.09, 890.15, 893.22, 355900]","[899.09, 907.73, 890.29, 894.4, 427200]","[907.88, 928.54, 901.72, 920.92, 597900]","[929.86, 930.45, 915.06, 918.14, 427700]","[924.73, 936.02, 921.95, 924.44, 459900]","[929.86, 932.79, 918.58, 923.56, 262800]","[921.07, 925.32, 903.34, 905.68, 411900]","[908.61, 923.41, 903.34, 921.07, 471500]","[937.92, 944.52, 928.98, 940.85, 601900]","[937.92, 943.49, 932.06, 941.29, 340300]","[938.65, 943.78, 934.26, 935.14, 89800]","[935.72, 944.22, 913.01, 934.7, 376600]","[929.86, 945.54, 928.1, 928.4, 413200]","[929.92, 951.31, 929.18, 948.68, 398000]","[939.44, 958.35, 937.98, 954.83, 314000]","[954.98, 964.65, 949.7, 960.4, 348800]","[955.56, 960.55, 951.61, 957.76, 230700]","[957.76, 958.64, 941.93, 948.97, 329400]","[948.97, 952.93, 944.87, 948.97, 258000]","[939.44, 963.48, 938.71, 962.45, 296200]","[967.29, 967.29, 944.43, 952.63, 275300]","[952.78, 959.37, 949.99, 957.03, 218800]","[955.56, 956.0, 946.92, 954.25, 330700]","[951.9, 952.49, 942.37, 948.53, 302200]"
25,UTX,"[33.4, 33.41, 32.81, 32.89, 3142800]","[32.82, 32.84, 32.32, 32.48, 3155600]","[32.47, 32.55, 32.31, 32.34, 3230000]","[32.32, 32.36, 31.99, 32.04, 3378200]","[32.15, 32.56, 31.92, 32.42, 3773000]","[32.39, 32.72, 32.23, 32.56, 2472800]","[32.5, 32.94, 32.5, 32.78, 4060400]","[32.96, 33.44, 32.89, 33.29, 3518200]","[33.43, 33.84, 33.14, 33.19, 3296000]","[33.05, 33.06, 32.88, 32.91, 2173400]","[32.91, 32.93, 32.55, 32.9, 2911600]","[32.77, 32.81, 32.36, 32.43, 2731600]","[32.42, 32.66, 32.3, 32.44, 3022200]","[32.6, 32.62, 32.36, 32.39, 1948800]","[32.29, 32.54, 32.18, 32.41, 2365400]","[32.57, 32.8, 31.45, 31.77, 4455800]","[31.78, 32.09, 31.54, 31.84, 3435200]","[31.84, 32.27, 31.83, 32.18, 3619400]","[32.1, 32.1, 31.19, 31.59, 6186200]","[31.57, 32.14, 31.35, 31.61, 4875600]","[31.61, 32.04, 31.06, 31.56, 7563800]","[31.56, 32.12, 31.38, 31.96, 5493400]","[31.96, 32.09, 31.78, 31.94, 3974000]","[31.91, 32.47, 31.89, 32.18, 4140400]","[32.17, 32.52, 32.04, 32.5, 3467800]","[32.43, 32.78, 32.28, 32.61, 4439200]","[32.57, 32.66, 32.22, 32.32, 5115600]","[32.38, 32.68, 32.21, 32.58, 3662800]","[32.64, 33.34, 32.58, 33.28, 5384800]","[33.28, 33.36, 32.74, 32.81, 5677800]","[33.19, 33.62, 33.19, 33.35, 5167200]","[33.34, 33.7, 33.19, 33.68, 3835800]","[33.7, 34.22, 33.63, 34.14, 4806400]","[34.14, 34.19, 33.97, 34.11, 3080600]","[34.12, 34.33, 34.01, 34.12, 3660800]","[34.35, 34.47, 34.16, 34.27, 3741400]","[34.49, 34.49, 34.19, 34.22, 5330000]","[34.19, 34.38, 34.17, 34.31, 4381200]","[34.35, 34.46, 34.15, 34.39, 2805400]","[34.39, 34.4, 34.08, 34.19, 2700600]","[34.56, 34.72, 34.3, 34.42, 3889600]","[34.56, 34.63, 34.37, 34.55, 2960600]","[34.52, 34.6, 34.28, 34.39, 3658000]","[34.44, 34.46, 34.27, 34.38, 3688400]","[34.38, 34.44, 34.12, 34.37, 5052200]","[34.45, 34.6, 34.25, 34.41, 3293400]","[34.41, 34.49, 34.29, 34.34, 1642400]","[34.38, 34.56, 34.03, 34.38, 6143400]","[34.33, 34.53, 34.22, 34.5, 4030800]","[34.65, 35.42, 34.4, 35.41, 6433800]","[35.04, 35.35, 34.89, 35.05, 5349600]","[34.9, 34.99, 34.64, 34.8, 3567200]","[34.8, 34.86, 34.57, 34.65, 2936800]","[34.65, 34.83, 34.17, 34.17, 4204600]","[34.17, 34.93, 34.17, 34.72, 4643400]","[34.72, 35.25, 34.48, 35.16, 5519400]","[35.44, 35.8, 35.35, 35.72, 4955000]","[35.95, 36.43, 35.74, 36.37, 5162000]","[36.37, 36.54, 36.25, 36.42, 4222200]","[36.31, 36.55, 36.06, 36.2, 5303600]"
26,VZ,"[16.79, 16.96, 16.79, 16.94, 7402100]","[16.89, 16.96, 16.77, 16.81, 9894600]","[16.81, 16.92, 16.77, 16.88, 5232300]","[16.8, 16.8, 16.6, 16.66, 6856900]","[16.67, 16.71, 16.46, 16.69, 6468600]","[16.62, 16.73, 16.52, 16.66, 6579600]","[16.6, 16.66, 16.4, 16.49, 9448700]","[16.64, 16.76, 16.57, 16.76, 7237700]","[16.85, 17.2, 16.83, 17.13, 8900800]","[17.03, 17.33, 17.03, 17.24, 6819400]","[17.32, 17.62, 17.24, 17.55, 8338700]","[17.44, 17.45, 17.22, 17.39, 6320100]","[17.24, 17.34, 17.17, 17.23, 5064800]","[17.31, 17.35, 17.19, 17.28, 3046400]","[17.22, 17.5, 17.14, 17.49, 7235600]","[17.56, 17.73, 17.32, 17.38, 8522600]","[17.39, 17.4, 17.1, 17.25, 5519600]","[17.26, 17.45, 17.23, 17.29, 7150200]","[17.25, 17.28, 17.13, 17.28, 5322300]","[17.26, 17.26, 16.97, 17.06, 7635500]","[16.89, 16.99, 16.78, 16.94, 7335000]","[16.97, 16.99, 16.64, 16.84, 7042400]","[16.84, 16.85, 16.41, 16.49, 10124600]","[16.4, 16.49, 16.3, 16.45, 6751400]","[16.37, 16.59, 16.19, 16.5, 10085400]","[16.4, 16.7, 16.33, 16.67, 9760700]","[16.68, 16.8, 16.4, 16.66, 17086100]","[16.71, 16.75, 16.54, 16.54, 10968500]","[16.67, 17.02, 16.57, 16.92, 10499600]","[16.86, 17.22, 16.86, 16.92, 8877000]","[17.22, 17.26, 17.05, 17.16, 7223200]","[17.2, 17.43, 17.14, 17.38, 7886800]","[17.35, 17.55, 17.18, 17.35, 7557200]","[17.41, 17.44, 17.28, 17.39, 6200600]","[17.42, 17.56, 17.29, 17.46, 6692000]","[17.54, 17.6, 17.42, 17.42, 6500500]","[17.52, 17.7, 17.44, 17.62, 8666000]","[17.6, 17.88, 17.51, 17.86, 9077700]","[17.81, 17.88, 17.62, 17.71, 6642400]","[17.75, 17.76, 17.5, 17.61, 5371100]","[17.73, 17.85, 17.34, 17.51, 9155600]","[17.56, 17.63, 17.47, 17.57, 4969900]","[17.54, 17.56, 17.35, 17.39, 6880100]","[17.43, 17.5, 17.25, 17.34, 6134600]","[17.32, 17.42, 17.19, 17.33, 5380100]","[17.3, 17.33, 17.16, 17.3, 5320200]","[17.3, 17.43, 17.26, 17.36, 2136300]","[17.42, 17.6, 17.27, 17.43, 5359800]","[17.45, 17.52, 17.27, 17.44, 6608300]","[17.61, 17.73, 17.5, 17.6, 7080000]","[17.6, 17.86, 17.58, 17.74, 8255000]","[17.77, 17.85, 17.69, 17.78, 5709400]","[17.8, 17.8, 17.64, 17.74, 4076100]","[17.76, 17.76, 17.45, 17.51, 6079200]","[17.5, 17.62, 17.38, 17.5, 4377900]","[17.39, 17.49, 17.16, 17.43, 5867300]","[17.33, 17.43, 17.19, 17.26, 7971400]","[17.42, 17.51, 17.36, 17.47, 7196000]","[17.3, 17.39, 17.11, 17.36, 12138400]","[17.42, 17.47, 17.16, 17.22, 8479200]"
27,HPQ,"[5.13, 5.17, 5.12, 5.13, 21188700]","[5.13, 5.22, 5.13, 5.19, 19927800]","[5.19, 5.21, 5.1, 5.11, 25388800]","[5.05, 5.12, 5.02, 5.07, 21960700]","[5.05, 5.08, 4.98, 5.02, 20059100]","[5.02, 5.1, 4.99, 5.1, 18757700]","[5.1, 5.23, 5.09, 5.16, 24156300]","[5.19, 5.32, 5.19, 5.26, 18845300]","[5.26, 5.35, 5.23, 5.25, 21491200]","[5.14, 5.23, 5.13, 5.22, 23823400]","[5.2, 5.28, 5.19, 5.28, 15036700]","[5.23, 5.27, 5.19, 5.24, 17612000]","[5.21, 5.23, 5.06, 5.11, 19524400]","[5.09, 5.16, 5.06, 5.13, 11291800]","[5.08, 5.14, 5.01, 5.1, 18677100]","[5.16, 5.23, 5.13, 5.2, 24834500]","[5.07, 5.16, 5.01, 5.06, 26052900]","[5.06, 5.1, 5.01, 5.01, 22021900]","[5.01, 5.05, 4.97, 5.02, 26480300]","[5.04, 5.09, 5.01, 5.02, 22189700]","[4.98, 5.03, 4.95, 5.02, 21393000]","[5.01, 5.09, 4.99, 5.05, 16564100]","[5.02, 5.05, 4.94, 4.94, 17749200]","[4.87, 4.97, 4.87, 4.93, 15702200]","[4.95, 4.98, 4.84, 4.92, 28635600]","[4.93, 5.11, 4.92, 5.08, 25723900]","[5.04, 5.11, 5.03, 5.09, 17538000]","[5.04, 5.14, 5.04, 5.14, 23023600]","[5.11, 5.21, 5.09, 5.16, 19001200]","[5.17, 5.32, 5.11, 5.23, 21153700]","[5.33, 5.36, 5.22, 5.23, 22749000]","[5.23, 5.39, 5.22, 5.38, 20218100]","[5.44, 5.49, 5.4, 5.42, 23002000]","[5.4, 5.48, 5.4, 5.45, 17762600]","[5.47, 5.51, 5.42, 5.42, 20612000]","[5.37, 5.39, 5.21, 5.22, 35397500]","[5.21, 5.37, 5.19, 5.3, 26767200]","[5.3, 5.35, 5.23, 5.32, 33192700]","[5.31, 5.37, 5.3, 5.35, 27909400]","[5.33, 5.45, 5.28, 5.42, 36841600]","[5.85, 5.87, 5.51, 5.56, 85922200]","[5.56, 5.61, 5.52, 5.58, 27222200]","[5.57, 5.6, 5.53, 5.53, 22690500]","[5.51, 5.57, 5.49, 5.56, 22079000]","[5.54, 5.57, 5.5, 5.55, 17963000]","[5.54, 5.57, 5.51, 5.54, 12820400]","[5.52, 5.55, 5.52, 5.55, 5252800]","[5.54, 5.57, 5.48, 5.53, 17941200]","[5.5, 5.52, 5.47, 5.51, 17202900]","[5.53, 5.65, 5.51, 5.65, 21633700]","[5.62, 5.7, 5.61, 5.66, 17192900]","[5.71, 5.78, 5.7, 5.78, 30396600]","[5.74, 5.91, 5.71, 5.87, 27499800]","[5.84, 5.94, 5.79, 5.8, 27926200]","[5.82, 5.84, 5.76, 5.79, 23484300]","[5.84, 5.84, 5.62, 5.74, 25518000]","[5.76, 5.79, 5.64, 5.73, 17355900]","[5.8, 5.81, 5.65, 5.75, 16194600]","[5.76, 5.77, 5.71, 5.72, 16975600]","[5.7, 5.76, 5.69, 5.75, 24322400]"
28,WMT,"[37.2, 37.32, 36.88, 36.95, 10760400]","[37.38, 37.83, 36.55, 37.58, 13508500]","[37.73, 38.08, 37.59, 37.77, 7935400]","[37.91, 38.15, 37.55, 37.56, 8999100]","[37.71, 37.83, 37.33, 37.75, 8469500]","[37.62, 37.93, 37.4, 37.91, 12199800]","[37.63, 38.23, 37.63, 38.05, 12383800]","[38.26, 38.46, 37.85, 38.0, 9168000]","[38.31, 38.61, 38.12, 38.13, 8775500]","[38.05, 38.35, 37.85, 38.2, 9727300]","[38.2, 38.61, 38.09, 38.61, 7806000]","[38.25, 38.89, 38.25, 38.3, 8037500]","[38.2, 38.29, 37.65, 37.8, 11804700]","[37.96, 37.97, 37.55, 37.83, 6490300]","[37.56, 37.9, 37.56, 37.85, 7524500]","[37.91, 38.13, 37.44, 37.58, 7995400]","[37.63, 37.66, 37.23, 37.26, 8650500]","[37.58, 37.96, 37.37, 37.57, 9929200]","[37.51, 38.03, 37.44, 37.85, 7844300]","[37.92, 38.16, 37.63, 37.68, 7683500]","[37.65, 37.86, 37.34, 37.53, 8675300]","[37.49, 37.63, 37.2, 37.27, 9691900]","[37.42, 37.53, 37.15, 37.18, 8629200]","[37.3, 37.48, 37.13, 37.4, 8345200]","[37.4, 37.87, 37.35, 37.78, 8918200]","[37.55, 38.47, 37.55, 38.42, 11725900]","[38.41, 38.86, 38.41, 38.61, 8409700]","[38.49, 38.84, 38.33, 38.56, 10006800]","[38.56, 38.56, 38.26, 38.51, 8974600]","[37.94, 39.1, 37.94, 38.73, 10796700]","[39.18, 39.24, 38.56, 38.96, 11109500]","[38.84, 40.3, 38.75, 40.24, 16588400]","[40.41, 40.73, 40.29, 40.39, 12389700]","[40.39, 40.74, 40.2, 40.43, 9228300]","[40.55, 40.61, 40.02, 40.28, 7971400]","[40.34, 40.56, 40.09, 40.09, 6305400]","[40.37, 40.63, 40.14, 40.49, 7085000]","[40.42, 40.72, 40.34, 40.66, 6491100]","[40.69, 41.4, 40.61, 41.27, 10319400]","[40.77, 40.87, 40.52, 40.69, 12232200]","[41.02, 41.02, 39.94, 40.22, 16166700]","[40.22, 40.36, 39.66, 39.91, 11294700]","[39.94, 39.94, 39.45, 39.51, 9847000]","[39.68, 39.97, 39.21, 39.82, 8941000]","[39.66, 40.02, 39.59, 39.8, 8970900]","[40.02, 40.02, 39.47, 39.69, 7191600]","[39.55, 39.87, 39.55, 39.56, 3555200]","[38.44, 38.55, 37.98, 38.01, 25158000]","[38.05, 38.07, 37.23, 37.23, 27650900]","[37.55, 37.9, 37.44, 37.78, 19990300]","[37.61, 38.1, 37.3, 37.91, 16154400]","[37.84, 38.25, 37.74, 37.86, 11286800]","[37.86, 37.86, 37.56, 37.56, 9072100]","[37.55, 37.98, 37.43, 37.55, 9549500]","[37.37, 37.58, 37.26, 37.55, 10574800]","[37.28, 37.83, 37.28, 37.74, 11553300]","[37.51, 37.96, 37.5, 37.7, 8439000]","[37.71, 38.03, 37.55, 37.87, 9796500]","[37.8, 38.36, 37.74, 38.27, 10210500]","[38.27, 38.46, 37.85, 38.02, 11717600]"
29,DIS,"[18.73, 18.9, 18.67, 18.74, 4663500]","[18.66, 18.9, 18.63, 18.71, 5380800]","[18.66, 18.98, 18.66, 18.87, 3956000]","[18.71, 18.78, 18.59, 18.64, 4818400]","[18.62, 18.72, 17.98, 18.18, 13157900]","[18.19, 18.34, 17.7, 18.34, 11477700]","[18.14, 18.31, 18.01, 18.14, 9099000]","[18.15, 18.64, 18.11, 18.57, 6009400]","[19.1, 19.1, 18.65, 18.94, 7265000]","[18.97, 19.3, 18.92, 19.21, 8125600]","[19.28, 19.59, 19.13, 19.58, 9217200]","[19.6, 20.08, 19.53, 19.91, 13850900]","[19.91, 20.15, 19.76, 19.99, 10226300]","[19.99, 20.12, 19.93, 20.03, 5527100]","[19.83, 20.0, 19.77, 19.98, 9507000]","[19.97, 20.19, 19.97, 20.12, 9925800]","[20.12, 20.13, 19.84, 19.99, 8902800]","[19.97, 20.12, 19.79, 20.04, 8775000]","[20.11, 20.23, 20.09, 20.17, 6602800]","[20.15, 20.2, 19.96, 20.02, 6308200]","[19.93, 20.03, 19.81, 19.9, 5586500]","[19.89, 20.35, 19.71, 20.35, 7961100]","[20.19, 20.22, 19.75, 19.8, 5831500]","[19.64, 19.79, 19.52, 19.78, 5799400]","[19.71, 20.05, 19.6, 20.01, 5979200]","[19.92, 20.09, 19.71, 20.09, 5271600]","[20.09, 20.27, 19.93, 20.21, 4965100]","[20.11, 20.32, 20.03, 20.29, 6362800]","[20.22, 20.45, 19.94, 20.3, 5372400]","[20.09, 20.8, 20.09, 20.48, 8445700]","[20.83, 20.86, 20.48, 20.63, 6032100]","[20.7, 21.23, 20.66, 21.17, 6877500]","[21.17, 21.45, 21.04, 21.26, 7302700]","[21.04, 21.16, 20.88, 20.95, 5572200]","[20.91, 21.31, 20.91, 21.13, 5872800]","[21.24, 21.61, 21.2, 21.45, 7939400]","[21.56, 21.56, 21.2, 21.39, 6623100]","[21.36, 21.69, 21.29, 21.56, 5176300]","[21.61, 21.7, 21.42, 21.5, 4972200]","[21.36, 21.53, 21.25, 21.34, 5974500]","[21.36, 21.62, 21.29, 21.37, 6225000]","[21.29, 21.47, 21.17, 21.21, 6066100]","[21.64, 21.78, 21.32, 21.45, 9298100]","[21.46, 21.9, 21.32, 21.87, 6695000]","[21.88, 22.02, 21.81, 21.98, 6170100]","[22.04, 22.08, 21.89, 21.99, 3396200]","[21.9, 21.99, 21.64, 21.82, 1487400]","[21.99, 22.07, 21.48, 21.77, 5664300]","[21.7, 21.92, 21.62, 21.62, 4970500]","[21.7, 22.35, 21.69, 22.27, 7988100]","[22.27, 22.52, 22.21, 22.22, 5921300]","[22.14, 22.32, 21.94, 22.02, 5587100]","[22.02, 22.12, 21.88, 21.98, 3898900]","[21.91, 22.11, 21.71, 21.8, 5969400]","[21.97, 22.08, 21.66, 22.08, 6281700]","[22.08, 22.44, 22.04, 22.42, 7443900]","[21.92, 22.71, 21.92, 22.43, 4061800]","[22.44, 22.56, 22.39, 22.51, 5121000]","[22.51, 22.52, 22.39, 22.45, 5528200]","[22.32, 22.49, 22.31, 22.4, 6935100]"
